,id,text,intent,label
0,0,Kwani tanesco wanakataga umeme makusudinadhani kuna changamoto behind zinatakiwa zitatuliwe na sio kutoa matamko,negative,0
1,1,cjawahi kuona content yoyote zaidi ya kuwa analalamika cjawahi kuona akitafuta solution ya tattizo zaid ya kulalamikabasi tutakuwa na Rais wa ajabu huwa mwaka 2045,negative,0
2,2,Bomu lililokuwa limetegwa ndani ya gari likiwalenga wajenzi kutoka Uturuki limelipuka katika eneo la Afgoye kaskazini Magharibi mwa mji mkuu wa Mogadishu Somalia limeua watu wanne polisi wamesema,negative,0
3,3,Kuna video inasambaa mitandaoni jamaa amemfumania mkewe akiwa na jamaa mwingine huku akimlalamikia jamaa akimwambia kw,negative,0
4,4,Viwavijeshi wanapita katika hatua kuu 6 za ukuaji katika hatua yake ya larvae mayai 10001500 hutagwa na larvae mmoja kwa mwezi Hatua pekee inayowezesha kusambaa kwa viwa vijeshi ni kipepeo ambao huruka kwa makundi na wanaweza kuruka hadi kilometa 1500,negative,0
5,5,FamiliaNduguMarafiki wana hofu kubwa juu ya WatotoNdg zao walioko CHINAKulinda maisha ya watu na uhai ni kipaumbele,negative,0
6,6,Suala la miundombinu katika maeneo ya uchimbaji mdogo nchini iliyoulizwa kwenye imejibiwa kisiasa zai,negative,0
7,7,Klabu ya imemfukuza kocha wake sababu ikiwa ni kutokana na muendelezo wa matokeo mabovu ya klabu hiyo,negative,0
8,8,Waliomua kinyama mtoto wasakwa gt,negative,0
9,9,Mwenyekiti wa kijiji cha Kilombero 1 Wilayani Geita amejikuta akisusia kikao kilichoitishwa na Mkuu wa wilaya hiyo ambacho kilikuwa na lengo la kuleta suluhu baada ya wananchi kudaiwa kufunga ofisi ya kijiji kwa kile kilichoelezwa kuwa kuna ubadhirifu wa fedha 12,negative,0
10,10,Wananchi wa mtaa wa Nshinde Wilayani Geita wamelalamikia ubovu wa Barabara inayoelekea fadhili bucha na Mwatulole mkoani hapa kuwa kero kubwa kutokana na ubovu ambao umekuwa ukisababisha gari nyingi kukwama na kukosekana kwa baadhi ya huduma za usafiri 12,negative,0
11,11,wewe takataka sijui utakuwa liniSasa linichokufanya uvamie mkutano wa chadema leo ni kitu gani Hujaalikwa u,negative,0
12,12,s Day Msanii wa muziki nchini Tanzania ameendelea kuugulia maumivu ya kutokuwepo kwa Mzazi mwenzake Mchekeshaji Mrembo Boss Martha aliyefariki Septemba 12 2019,negative,0
13,13,Imekuwa too muchwatu wanashindwa hata kusheherekea maisha yao kwa amanimtu unampost mke wake kumpongeza wameoana we unakuja kutukana kwenye comments watu hata huwajui,negative,0
14,14,Mama mzazi wa mwandishi wa Habari za uchunguzi anayeshikiliwa na Dola Erick Kabendera Verdiana Mjwahuzi amefariki dunia Desemba 312019 Taarifa za kufariki kwake zimepatikana alfajiri ya leo Januari Mosi,negative,0
15,15,Tumepokea kwa masikitiko makubwa taarifa za kuuawa kwa Katibu wa CHADEMA Jimbo la Manyoni Mashariki Bw Alex Jonas usi,negative,0
16,16,Basi walitakiwa wawatoe kisiasa pia matumizi ya nguvu nyingi sio sahihihapo wameua hadi mtaji,negative,0
17,17,Mwanafunzi wa Chuo Kikuu cha Dodoma Tungu Mgaya anashikiliwa na Jeshi la Polisi Mkoani Dodoma tangu jana kwa kutuhuma z,negative,0
18,18,Tatizo mlituma watu waandamane Siku ileili kukimbia kichapolkn mbio Za ukiongoni huishia farasi,negative,0
19,19,Akutukanaye hakuchagulii tusi Hii ndio karaha ya kufungwa watu wanafyatuka tu na headlines zao,negative,0
20,20,Chama cha Wamiliki wa Mabasi Tanzania TABOA kimemwandikia barua Waziri Mkuu Kassim Majaliwa kujitoa kwenye kamati ndogo Akizungumzia sababu za kujitoa ktk kamati hiyo Katibu Mkuu wa TABOA Ernest Mrutu alisema wamefikia hatua hiyo kutokana na changamoto zao kutotatuliwa,negative,0
21,21,So wazee wanawanyanyasa hadi wajeda sio sisi raia tu sijapenda Me nawaaminia sana wajedasiku za mbeleni najua hamtotuangusha wanetu na mtakuwa mmechukizwa sana ila basi tu,negative,0
22,22,Me mwenyewe linanishinda kuliandika ila nalikumbukaumeniita jina langu nikaogopa,negative,0
23,23,VIDEOWatu 6 wamepoteza maisha na wengine 30 kujeruhiwa kwenye mlipuko uliotokea leo katika kiwanda cha kemikali mashariki mwa China  CGTN,negative,0
24,24,me nimepita asubuhi vimebomolewa vyoteina maana ni usiku na hawajahusishwahuu ni uhuni,negative,0
25,25,Humu ndani kuna watu wana madini mengi sana shida ni kwamba ukiwaomba waziteme watakuzungusha Bora uweke notification on,negative,0
26,26,Muda Huu Kuna Mjinga Mmoja Yupo Ananusa Boxer Yake Kama Haina Harufu Avae Tena Baada Ya Kuivaa Siku 6,negative,0
27,27,Hakuna mtandao wa kijamii ambao ni salama kwa sasa Walipoanzisha facebook twitter nakadhalika ikiwemo mtandao wa L,negative,0
28,28,Halafu kuna mwamba wa zamani wa Man United kakosa penati leo hakuna pa kujifichia msimu huu,negative,0
29,29,Wanafunzi wenye ulemavu wakwamishwa na miundombinu Lindi Klik,negative,0
30,30,Kama lengo lilikuwa ni kututisha na kutukatisha tamaa wananchi katika harakati za kupigania mabadiliko kutoka katika utawa,negative,0
31,31,Ile msg ya sizioni siku zangu si uwa inakuogopesha sasa kwanini hupendi kutumia,negative,0
32,32,Mimi huwa sipendi kufanya kazi na ndugu zangu sababu ndugu wanalawama sana hawakubali kama nimeshakuwa Bosi  Kandi Baham,negative,0
33,33,Ni Mwaka Mmoja sasa tangu Jasiri Muongoza Njia Ruge Mutahaba atangulie ni kama Juzi tu Endelea kupumzika mahali pema peponi,negative,0
34,34,Kila mtu akipata mita za ujazo chini ya 1700 maana yake tumeingia kwenye uhaba wa maji ikifika kwamba kila mtu anapata mit,negative,0
35,35,Anatuambisha Sana Sisi Kama wasukuma wenzake Hatujapenda kabisa,negative,0
36,36,Leo nimepika choroko Maana mambo naona yamevurugika kweli na waHindi hawataki choroko zetu,negative,0
37,37,Kabisawatu walimpinga kwa watu binafsi kufanya hili suala bila financial institution,negative,0
38,38,Sehemu ya ripoti ya Mchunguzi Maalum Robert Mueller nchini Marekani juu ya kujihusisha kwa Urusi kwenye uchaguzi wa Urais wa mwaka 2016 inaonesha kuwa Rais Donald Trump alitaka kuudhibiti uchunguzi huo na kulazimisha kuondolewa kwa Mueller mwaka 2017,negative,0
39,39,Watu wengi wanatumia mitandao ya kijamii Ila Sheria zake hawazijui na Wala hawataki kuzijua,negative,0
40,40,Poleni sana wateja wetutunaifanyia kazi changamoto hiyo ya kuangalia slio kwa ujumla,negative,0
41,41,Nimepokea kwa masikitiko makubwa taarifa za kifo cha Rais Mstaafu na Baba wa Taifa la Zimbabwe Mzee Robert Mugabe Afrika i,negative,0
42,42,Utabiri wa Hali ya Hewa wa siku tano na athari zinazoweza kutokea Umetolewa leo tarehe 25082019 na Mamlaka ya Hali ya,negative,0
43,43,Nchi ya drama na matukio Ila hii kama ikidhihirika ni kweli basi ni kashfa kubwa sana kitaifa Mark my words Maswali ha,negative,0
44,44,Naibu Rais Iran aambukizwa virusi vya corona Nigeria yaripoti kisa kimoja via,negative,0
45,45,Kuna story ambayo mke wangu hapendi kusimulia imekuwa ikimtesa sana Ipo hivi mke wangu ni mmoja wa watu waliozaliwa a,negative,0
46,46,Aiseeee This is nonsense hivi ameongea baya gani mpaka mtu unaropokwa maneno yote hayo,negative,0
47,47,Mbinu mojawapo ya watawala ni kuwafanya watawaliwa kuona kwamba maadui wao wanatoka nje ili wapambane nao badala ya ku,negative,0
48,48,Unakuta wengine ndio kwanza wanapenda kukuona ukiwa tegemezi kwao,negative,0
49,49,umeme ambapo miradi ya usafirishaji kutokana na umbali huo inakuwa ni ya gharama sana Kutokana na kuwa mahitaji ja umeme yalikuwa tayari ni makubwa katika maeneo ambayo hata hayajafikiwa na gridi ya Taifa ililazimu kufanya miradi mbadala kwa ajili ya kufikisha umeme wa,negative,0
50,50,Tumeshavuna aibu yetu Olympic Tokyo  Waliokabidhiwa bendera wako wapi mpaka mtu kaamua kutusaidia kubeba Bendera,negative,0
51,51,Kuna kipindi rafiki yangu mmoja alikuwa ananitongozea girlfriend wangu Na alikuwa kabisa anajua mimi ndio natoka nae ht,negative,0
52,52,Nyoka aina ya chatu ameingia katika gari la watalii kupitia magurudumu ya mbele ya gari hilo ambapo wageni waliokuwa wakitumia gari hilo wameonyesha kutokuwa na wasiwasi wowote Soma zaidi gtgt,negative,0
53,53,Inasikitisha sanahiyo ndio tanzaniapoleni,negative,0
54,54,Shame wanakatili watoto kwa mambo zao za kisiasa ni huupuzi kabisa,negative,0
55,55,Wakala wa Barabara Tanzania Tanroads umesema ujenzi wa daraja la mto Mkange mkoani Morogoro lililosombwa na maji utaanza leo usiku huu kwa ushirikiano na makandarasi wa ujenzi wa reli ya kisasa SGR,negative,0
56,56,Spika wa Bunge ametoa siku nne hadi Ijumaa kwa Serikali kuwasilisha taarifa ya kina kuhusu mauaji ya watoto yanayoendelea mkoani Njombe Waziri Jenista Mhagama aliliomba Bunge kutoa muda huo kwani Serikali inahitaji muda kutoa taarifa kamili itakayoelezea pia hatua walizochukua,negative,0
57,57,Machozi Jasho na Damu,negative,0
58,58,Mhusika mwenye picha au video hiyo mbali na makosa ya kisheria unayoyatenda kwa kusambaza Tambua kutuma picha za fara,negative,0
59,59,Watanzania wameonyesha hawakipendi Chama cha Mapinduzi sio jambo la kawaida katika kipindi hiki kigumu Watanzania wamenyi,negative,0
60,60,TAZAMA  Kivuko cha MV Nyerere kimezama ziwa Victoria,negative,0
61,61,Wasichana wana changamoto nyingi zinazohusiana na hedhi mojawapo ni kutokupata taarifa sahihi pamoja na kunyanyapaliwa,negative,0
62,62,we me wa online sio offlinesema dharau zinazidi sana humukila kukicha halafu vibwana vidogo tu,negative,0
63,63,Mimi watani wangu hawajawahi kuvuka mipaka ila pimbi ambao sina hata mazoea ndo huwa wananichokonoa,negative,0
64,64,Yaani Coco huna akili ujinga wenu na yule ex wako mpumbavu umenicost sana hadi mimi hebu fikiria nimeweka bondi Gari y,negative,0
65,65,Nikila hicho chakula minyoo yangu ya tumboni inaweza kuzimia kwa kupata mshituko maana Ni surprise kwao,negative,0
66,66,Kama hawa waliowachukua kina ROMA na MONI ni POLISI na kuwapeleka kusikojulikana basi hii nchi ilipofika ni kubaya san,negative,0
67,67,Ninapo kosa hela washkaji wanatoweka ninaporekebisha pumbavu wanasogea,negative,0
68,68,Polisi Morogoro yadaka mtandao wa wizi yapo magari nyama na nyara,negative,0
69,69,Je Wajua Imekua ni kawaida kwa watu kufanya mapenzi kinyume na maumbile Kisheria ni kosa la jinai na adhabu yake ni k,negative,0
70,70,Hakika wameonesha udhaifu mkubwa kutokuwa na  common opposition front  Hii inamaanisha wamejigawa we,negative,0
71,71,Simba mmeshinda kwasababu yanga ni pungufu Na refa pia ni wa kwenu siku zote kwanini asingetafutwa refa mwingine Wa final,negative,0
72,72,Kumbe sio Serikali tu hadi wadau wengine wa maendeleo hawana imani na vijana,negative,0
73,73,Rais wa serikali ya wanafunzi chuo kikuu cha Dar DARUSO  pamoja na viongozi wengine wamefukuzwa chuo kwa kusimamia haki,negative,0
74,74,Naibu waziri wa habari julianashonza ametoa onyo kwa baadhi ya wasanii wanaopiga picha za utupu,negative,0
75,75,Kondomu inanibana hii kauli imezika vijana wengi Sana kwa gonjwa la Ukimwi,negative,0
76,76,Sipendagi kabisa kucheza hii michezo ila leo nimeborekwaJaza hizo twende sawa Bank acct  Routing  Name on Debit C,negative,0
77,77,Jana nilimwambia mtu imagine unakufa huu msimu imetoka bia tamuakasema hapana inauma,negative,0
78,78,Wanaongoza ni wanawake wenyewe ubaguzi chuki na kukosa utu wa wanawake dhidi ya hawa wadada wa kazi is on anoth,negative,0
79,79,Basi la Kampuni ya Premier limegongana uso kwa uso na lori mkoani Mbeya lenye namba za usajili T 629 AET linalofanya safari,negative,0
80,80,Mambo ya kumaliza kesi za ukatili kifamilia zinakwamisha nyuma jitihada za kupinga vitendo vya ukatili dhidi ya wanawake wat,negative,0
81,81,Da kaka kuna mda yanaweza kukukuta mambo magumu mpaka inakubidi tu uwe mbali ila inaumiza s,negative,0
82,82,Mnasema tutoe namba lakini hakuna feedback mnayotupa namba hii apa 0784 495117 tunaomba mtusaidie jamani wateja wengi wanalalamikia siku hizi mmekua na huduma mbovu sana NA SIMU ZENU UKIPIGA ZINAKATA UKICHEKI SALIO BADO,negative,0
83,83,Tunaonewa Sana imagine Mtu anakwambia Kuna msukuma eti amemuona amejichora Tattoo ya Tigo Pesa mkononi,negative,0
84,84,Hili la kila siku wameshalipigia kelele miaka 20 sasa,negative,0
85,85,Ibada ya Eid Al Adha imeendela ndani ya Ikulu ya rais Ashraf Ghani wa Afghanistan licha ya makombora kutupwa jirani na i,negative,0
86,86,Utanifanya nisirudi darhalafu ile juzi nilijua unataka kunichoma kisu kilikuwa jirani yako,negative,0
87,87,Mwaka 2006 uligubikwa na matukio mengi ya watu kuuwawa wakisemekana ni majambazi lakini baadae ndugu wa waliouwawa waliibuka n,negative,0
88,88,wanachofanyiwa wafanya biashara wadogo wadogo machinga inahuzunisha sana,negative,0
89,89,Kesi namba 1122018 inayowakabili Viongozi wakuu wa na baadhi ya wabunge katika Mahakama ya Kisutu Dar leo imea,negative,0
90,90,Mamia ya waombolezaji wameungana leo kuuaga mwili wa mwandishi wa habari wa shirika la utangazaji la Ujerumani Isaack Muyenjwa Gamba ambae alikutwa amefariki nyumbani kwake oktoba 18 mwaka huu Soma zaidi gtgt,negative,0
91,91,Kuna wakati kulifunguliwa jalada la Wizi wa kuaminiwa katika kikuu cha polisicentral Dar es salaam CDRB133362013 WIZI,negative,0
92,92,yahya haxxan Habari Tafadhali tunaomba kufahamu changamoto unapotumia huduma zetu,negative,0
93,93,Nashangaa watu wanaumia na furaha za watu wenginehata ukisema nimeshibaaunaambiwa mseng wewe hujui sisi tuna njaa,negative,0
94,94,Kigogo huyu wa CUF ajiuzulu mwenyewe aeleza,negative,0
95,95,5Ukichaguliwa mwishon ujue uwezo wako ni mdogo kuliko wote 6Mwenye mpira akikaclika mpira umeisha 7Inaruhusiwa kubadili golikipa kama ikitokea penat na baada ya apo ataendelea kudaka yule yule 8Mechi itaisha pale giza linapoingia,negative,0
96,96,Wanawake bana kwahiyo kumchangamkia mwanamke mwenzio mbele yako kisa amefanya kitu fulani ni kosa Em kaangalie hii ep,negative,0
97,97,Habari Ahsante kwa kuwasiliana nasi Tunaskitika kujua hilo hivyo fahamu jinsi ya kudhibiti matumizi yako ya intaneti ZM,negative,0
98,98,Yaaani people are sad kuona wengine wako happy yaani wanachukia kabisa makasiriko ya hali ya juu wamerogwa sijui,negative,0
99,99,Rais Magufuli atuma salamu za rambirambi vifo vya vijana wa JKT 11 Askari JWTZ 1 na Dereva vilivyotokea Mbeya,negative,0
100,100,Hili tatizo kubwa sana kwetumtu akijaribu kutusanua aah huyu naye anajifanya mjuajisometimes nafikiri,negative,0
101,101,Boresheni miundombinu acheni kutoa mapovu wakati hali halisi mnaiona,negative,0
102,102,Old man hii bank haina bench la wazee yani tuna panga foleni Kweli mmetuchoka Customer experience manager hamna bench kwa,negative,0
103,103,Meko unaficha ficha vitu kwa kuwa ni mwizi Kumbe ndani ya miaka mitatu unakopa WB halafu unakataza document zisiwe release,negative,0
104,104,Mzee baba huku hali si shwari hali tete sana hamna cha democrasia ni mwendo wa nyu,negative,0
105,105,Huu ni uhuni wala mama hakuagiza hayambona hizi oparesheni zinaweza kufanyika kiustaarabu tusio kila kitu cha kutumia nguvu,negative,0
106,106,UHURU MICHEZOCollum HudsonOdoi anataka kutimkia klabu ya Bayern Munich kwenye uhamisho wake mwezi huu wa Januari baada ya maongezi ya mkataba na Klabu yake ya Chelsea kushindikana,negative,0
107,107,Tabia ya baadhi ya watu kuzaa watoto kisha,negative,0
108,108,Mwaka 2016 nilipoteza kazi niliyokuwa nimeajiriwa kwa makosa ambayo sikuhusika lakini upepelezi ulipokuja kufanyika nili,negative,0
109,109,siwaelewinatuma normal text haziendi napigasimu huduma kwa wateja ampokei sio sawa mahusiano yangu yakivunjika,negative,0
110,110,News Transifoma lalipuka na kuwaka moto maeneo ya Mgololo mkoani Iringachanzo cha kulipuka hakijajulikana na,negative,0
111,111,Kaya 67 zilizopo kata ya Mbesa wilayani Tunduru mkoani Ruvuma zimekosa mahali pa kuishi baada ya nyumba zao zikiwemo nyumba za shule na madarasa kuezuliwa na upepo,negative,0
112,112,Mbona hivi vidonge vimeadimika hv kwann Maana wagojwa wa Ulcers wanapata tabu,negative,0
113,113,Ukisikia mtanzania kakamatwa na madawa China huna hata chembe ya kuwaza labda sio mtanzania kweli Ila ukisikia mtanzania k,negative,0
114,114,Elimu Yetu Sandakalawe Hawaithamini hata wanaotugawia,negative,0
115,115,RC AAGIZA WANAFUNZI WALIOOANA WAKIWEMO WAZAZI WAO WAKAMATWE Mkuu wa Mkoa wa Simiyu jana ameliagiza jeshi la polisi kwa kushirikiana na mkuu wa wilaya na vyombo vingine vya usalama,negative,0
116,116,Baraza jipya likapata wkt mgumu ktk kufanya maamuzi hasa kwenye kutekeleza majukumu yake kimamlaka kwa sababu ya migomo ya,negative,0
117,117,Mapovu ya Shilole kuhusu kutopata mtoto na Uchebe,negative,0
118,118,Kuwakamata na kuwafunga wanafunzi wajawazito ni kinyume cha sheria na pia kunakiuka haki za binadamu ikiwemo haki ya usawa,negative,0
119,119,Show nyingi za kibongo Show ikiisha Shabiki unachoka viungo vya mwili Kuliko Hata msanii aliyepiga show,negative,0
120,120,Guys plz natumia dawa gani Im tired nimezunguka Sana kumtibu mwanangu nisaidieni yanatoka Kama mapele Fulani hivi,negative,0
121,121,Marteen Huduma hiyo Kwa sasa haipo tafadhali endelea kufuatilia ukurasa wetu zoezi likikamilika tutatoa muongozo,negative,0
122,122,Unapotaka kushika mimbaachaau punguza kwa kiasi kikubwa matumizi ya pombe sigara au dawa za kulevya Uvutaji sigara hupung,negative,0
123,123,Wanaofanya mauaji kwa tofauti ya kimtizamo wanakua na fikra za kigadi ccm is a terror group,negative,0
124,124,Una msaaada au ni msumbufu au ujui kusambaza data au ni mchoyo au ni muoga All in all formation,negative,0
125,125,Mama unajua kuwa Rais hataki kabisa kusikia mtoto aliyapata ujauzito kuendelea masomo katika mf,negative,0
126,126,Baada ya kumaliza elimu ya msingi sikubahatika kuendelea na elimu ya sekondari kutokana na hali ya uchumi nyumbani Nili,negative,0
127,127,Sheria ya Kimila ni kikwazo kwa wanawake kumiliki ardhi Mkurugenzi wa,negative,0
128,128,1Ningepotea 2Sipajui bila google maps 3Simu haina charge 4Im driving kwenye new area 5Niko vyomb,negative,0
129,129,Nikakimbia na mmkufika mbele naona kuna watu wengine wako busy kabisa hawana hbr Nkawauliza vp kulikoni wakanambia Dogo hapa ni kama Libya au Southmda wwte machafukoww kimbikimbia bila sababu tutakukuta kituoni,negative,0
130,130,Mungu anaweka fursa nzuri katika maisha yako  Punguza Tamaa ya kutaka Kwa pupa Wakati wako Upo na Utafika tu,negative,0
131,131,Uwepo wa ndege nyingi za kampuni moja hakuna faida kama bei sio affordablefastjet alikuwa na bei nafuu wakamuua wakaleta ndege zao za bei ghalikuna faida gani,negative,0
132,132,Nyie ni wapumbavu na malofa taifa hili lilishaokolewa acheni upuuzi alaaa,negative,0
133,133,BondiaThomas Mashali ameuawa usiku wa kuamkia leo Kimara DsmViongozi wa Ngumi Anthony RutaPST na Chaurembo Palasa TPBC wamethibitisha,negative,0
134,134,Biashara ni kitu kizuri kufanya lakini hakuna Biashara isiyolipa kama ya kuchunguza simu ya mpenzi wako Profit ni Stress na depression,negative,0
135,135,Jeshi la Polisi likimkamata kwa nguvu Gavana wa Nairobi Mike Sonko mapema leo baada ya kuwa amekataa kuingia kwenye heli,negative,0
136,136,DONALD TRUMP AJUTA KUTOIFUNGIA FACEBOOK NA TWITTER WAKATI WA UTAWALA WAKE Aliyekuwa Rais wa Marekani ameipongeza,negative,0
137,137,Biashara haramu ya binadamu nchini human trafficking bado ni tatizo kubwa ambapo tafiti zinaonyesha kuwa waathirika wa biashara hiyo waliokati ya miaka 10 hadi kumi na saba wa jinsia ya kike Soma zaidi gtgt,negative,0
138,138,Kama uamini kaamuulize Agger karacai msanii wa tamthilia ya the city yule mzee anapesa lkn kila siku vioja aviishi,negative,0
139,139,HUSSEIN BASHE CCM acheni unafiki mimi nimeshakamatwa na watu wa usalama mnasema hawakamati kwa hili nipo tayari mni,negative,0
140,140,ukienda kulala nyumbani kwa mwanamke ambaye kodi ulipi wewe unakuwa unaishi kwa wasiwasi kama mlinzi ambaye analinda vichaa milembe pia unaweza hata kufukuzwa usiku wa manane na huna cha kumfanya,negative,0
141,141,Ofisa Usalama wa Shirika la Posta ahusishwa na Usafirishaji wa Madawa ya Kulevya,negative,0
142,142,Kuwa na ulemavu si sababu ya kutengwa,negative,0
143,143,Wabunge wa upinzani isipokuwa baadhi ya wa Chama Cha Wananchi CUF kambi ya Ibrahim Lipumba wamesusia zoezi la kuapishwa wabunge wanne wa Chama cha Mapinduzi CCM waliochaguliwa hivi karibuni,negative,0
144,144,Mkurugenzi Mtendaji wa Halmashauri ya wilaya ya Itilima Mkoani Simiyu Mwl Mariano Mwanyigu amefariki dunia ghafla usiku wa kuamkia leo Desemba 1 akiwa jijini Dodoma kwenye kikao,negative,0
145,145,Unakuta boss wake amesoma hii tweet na yuko humu na ni feminist na hajaona aibu,negative,0
146,146,marathon zimekuwa nyingi kupita maelezo na waandaaji hawataki kusema kama kuna vita inakuja,negative,0
147,147,Vitendo vifuatavyo vya kikatili ni visababishi tosha vya kufanya mazingira ya shule yasiwe salama Adhabu za vipigo,negative,0
148,148,Ahsante kwa kuliwasilisha tatizo lako hapasamahani ndugu mteja mpaka leo unapatwa na changamoto ya mtandao wa intaneti kuwa chini sanaLM,negative,0
149,149,RC Ole Sendeka atoa mwezi 1 baada ya kukasirishwa  Watakiona,negative,0
150,150,Mwenyekiti wa Baraza la Wanawake CHADEMA Taifa na Mbunge wa KaweBaadhi ya makosa anayokabiliwa nayo kuand,negative,0
151,151,Mimi Sina maadui kwelilabda wao ndo wana uadui na mimiila me similiki adui,negative,0
152,152,Watu 69 mbaroni kwa wizi wa maji na kuhujumu miundombinu,negative,0
153,153,Utandawaz unasababisha watu wanakula modern na westernized diet ambavyo vinawe,negative,0
154,154,Wanafunzi watano wa darasa la kwanza katika Shule ya Msingi Kihinga wilayani Ngara mkoani Kagera wamefariki dunia na wengine 18 kujeruhiwa baada ya kulipukiwa na kitu kinachoaminika kuwa bomu,negative,0
155,155,Moyo wa kujitolea umefifia mno Mwalimu J K Nyerere,negative,0
156,156,Watu wawili ambao ni wakazi wa Kijiji cha Ibondo BTarafa na kata ya Buseresere Wilaya ya Chato Mkoani Geita wanashikiliwa na Jeshi la Polisi kwa kukutwa na kichwa cha mtu ndani ya Nyumba ambayo wanaishi,negative,0
157,157,Mustafa Malimi 25 ambaye ni mmoja wa wafungwa waliosamehewa na Rais Magufuli December 09 2019 anashikiliwa na Polisi Cha,negative,0
158,158,Tunapenda kukufahamisha zitasitishiwa huduma kwa sababu zitakuwa hazijakamlisha usajili kwa alama za vidole LM,negative,0
159,159,Watuhumiwa 3 wa mauaji ya watoto mkoani Njombe wafikishwa Mahakamani Waliofikishwa mahakamani ni Joel Joseph Nziku Nassan Alfred Kaduma na Alphonces Edward Danda,negative,0
160,160,Wayahudi sio watu wazuri Unawakarbisha afu wanakufukuza mwenye nyumba kwa kipigo kikali,negative,0
161,161,Lazima waongezeke km mkuu wa shule anawapa mimba wanafu,negative,0
162,162,Tatizo kubwa lilipo ni hatuna mifumo endelevu and thats hurt Wakati mwingine utaratibukustaarabika kunaweza kuchangia ku,negative,0
163,163,Baadhi ya wakulima mkoani Rukwa wameamua kuacha kulima mazao ya chakula hususani mahindi kutokana na kutokupata tija katika kilimo hicho Wakulima hao walisema uamuzi huo unatokana na kukosa bei ya mazao hayo na hivyo kujikuta wakikabiliwa na ugumu wa maisha kwa kukosa fedha,negative,0
164,164,Takwimu zinaonesha kuwa duniani kote inakadiriwa watu milioni 850 wanasumbuliwa na magonjwa ya figo na kila mwaka watu milioni 24 hufariki kutokana na magonjwa haya,negative,0
165,165,TanzaniaDaima Jumapili Februari 9 2020  Kinana Makamba wangoka CCM,negative,0
166,166,Amejikuta ameropoka mambo ya chumbaniUkiongelea uovu gizani basi mchana kweupeeeeeeeeeeeee,negative,0
167,167,Standards zote zipo kisheria bahati mbaya Askari wanapozwa labda nadhani rungu liende kwa wenye shule kwa sababu ndi,negative,0
168,168,Mtu mmoja anayeshukiwa kuwa na virusi vya amewekwa chini ya uangalizi katika Hospitali ya Taifa ya Kenyatta baada,negative,0
169,169,Unashangaa mbona kwenu hakuna mwenye sura nzuri kumbe babaako alikuwa anachagua wenye makalio makubwa,negative,0
170,170,Mwanamuziki Rashidi Abdala aka anashikiliwa na jeshi la polisi mkoani Dodoma kwa tuhuma za kukutwa na dawa,negative,0
171,171,UTAPELI MPYA WA MTANDAO Wakuu ninaomba kushare nanyi suala hili Ilikuwa siku ya Jumamosi ya tarehe 23052020 nilipokea t,negative,0
172,172,Aliyekuwa nyota wa mpira wa kikapu duniani Kobe Bryant amefariki dunia katika ajali ya helkopta huko California Marekani,negative,0
173,173,JINSI YA KUBAKI KUWA MASIKINI 1 Kamwe usiamke mapema endelea kulala na kujinyosha mpaka pale njaa itakapokuuma 2 Kamw,negative,0
174,174,Mtu mmoja aliwahi kumuuliza baba yake baba nitawezaje kupata mwanamke sahihi baba yake alijibu sahau kupata mwanamke sahi,negative,0
175,175,Mimi social media kwangu ni sehemu ya kufurahia na kupeana faraja lakini kwa hali ya sasa imekuwa sio sehemu salama tenasio sehemu yakutolea stress bali kupeana stress na ndo maana ni vyema ukajitafutia mtaa wako wenye amani yako humukuna w,negative,0
176,176,Kwa masikitiko makubwa nimepokea habari ya kifo cha Mzee Iddi Simba Aliwahi kuwa Mbunge Waziri Mjumbe wa Kamati Kuu ya H,negative,0
177,177,Waonevu saname niliwahi muwasha mwenzao kofi kino pale magetonialinipiga la mgongo nikageuka nikamuwasha la uso,negative,0
178,178,Wafanyakazi watatu wa Umoja wa Mataifa wamepoteza maisha kwenye shambulizi hilo nchini Libya,negative,0
179,179,Ajali za barabarani zaua 3600 kwa siku duniani gt,negative,0
180,180,Kashfa dhidi ya Kanisa Katoliki duniani Papa amfuta kazi Padri kutoka nchini Chile Soma zaidi gtgt,negative,0
181,181,Larry Tesler mhandisi wa mifumo ya kompyuta na mbunifu wa Cut Copy amp Paste amefariki dunia Alizaliwa April 24 1,negative,0
182,182,Mwanamke mmoja aliyetambulika kwa jina la mama Robert mkazi wa mtaa wa Msalala road amezua sintofahamu baada ya kumfungia ndani mtoto wake wa kiume mwenye umri wa miaka 6 kwa madai ya kumfundisha adabu,negative,0
183,183,Mdogo wa Marehemu Steven Kanumba Seth Bosco amefariki usiku wa kuamkia leo baada ya kuzidiwa akiwa nyumbani kwa Mama Kanum,negative,0
184,184,2018 ulikuwa mwaka mbaya sana kwenye maisha yangunilipitia kwenye misukosukoktk utafutaji sio mapenzi iliyoniachia alama za milele kwenye moyo wangubaada ya hapo nilibaki na funzo kubwa na Mungu akawa upande wangu Namshukuru Mungu bado napumua,negative,0
185,185,Nimetokea kwenye familia maskini sana na kibaya zaidi ilidharaulika sana tena kwa pande zote mbili yaani upande wa baba,negative,0
186,186,Tusiweke vitu tusivyo na uhakika navyo kwenye mitandao Publication of false information is a crime,negative,0
187,187,Mlipuko na milio ya risasi yasikika katika eneo la 14 Riverside Nairobi Kenya Milipukomiwili mikubwa ya risasi ilisikika na baadaye ufyatuaji wa risasi Maafisa wa Polisi wamefika eneo la tukio katika jumba hilo ambalo lina hoteli yakifahari na ofisi za kampuni mbalimbali,negative,0
188,188,Uko na maushauri ya violence tu,negative,0
189,189,Ile video ya Rosa Ree kajidhalilisha kwakwelihata kama haoni madhara yake sasa,negative,0
190,190,Hayo yanaitwa mauaji ya Sharubela,negative,0
191,191,Asante sana watu wa Sirari jimbo la Tarime vijijini Huu ni Upendo usio na Mashaka kwa Mbunge wenu John Heche na Chadem,positive,1
192,192,Ee Mwenyezi Mungu Msamehe na Umrehemu na Umuafu na Msamehe na Mtukuze kushuka kwake kaburini na Upanue kuingia kwake na Muoshe na maji na kwa theluji na barafu na Mtakase na makosa kama Unavyoitakasa nguo nyeupe kutokana na uchafu na Mbadilishie nyumba bora kuliko,positive,1
193,193,Kama wewe ni mfanyabiashara au mfanyakazi unaweza ukatumia data kwa jinsi ambayo italeta matokeo chanya katika kazi na biash,positive,1
194,194,Watoto hawa yatima wa kituo cha Huruma Geita wamejitokeza kushiriki nami Kilimanjaro Challenge Against HIVAIDS leo,positive,1
195,195,Kwani unawaza mzigo wako utaupata lini ulionunua China dubai Turkey nk TRA inakupa urahisi wakupata mizigo,positive,1
196,196,hongera sana champ niakujituma na dua ndio kila kitu,positive,1
197,197,Viwango vyetu vya kubadilishia fedha za kigeni leo tarehe 18 August 2018,positive,1
198,198,HabariTafadhali tutumie ujumbe kwenye inbox DM ukiambatanisha na maelezo yote yanayounga mkono tatizo lako ili tuweze kufanya uchunguzi kwa ajili yakoUnaweza kututumia ujumbe hapa Ahsante PA,positive,1
199,199,Wanawake ndio chimbuko LA mazazi ya viumbe wengine upendo huruma na furaha hapa duniani Nyoyo zao nzur,positive,1
200,200,Kijijini Ilongelo lishe bora hunufaika familia nzima  Mradi wa Boresha Lishe unaotekelezwa kwa ushirikia,positive,1
201,201,Kwa dondoo za elimu afya michezo burudani utani na ucheshi ungana na kila jumamosi,positive,1
202,202,Tulikuwa kama 23 lakini mpaka leo hii tumebakia watu wawili tu Elimu yangu ilinikomboa pale nilipoweza kuandika Propo,positive,1
203,203,Great memories Hadija Jabiry,positive,1
204,204,Mgombea Urais CCMDkt John Magufuli akihutubia umati wa wananchi wa Iringa na vitongoji vyake kwenye mkutano Jana,positive,1
205,205,816 Hatimaye tukafika katika mapango ya popo panaitwa Mwambisi ndani ya Msitu wa Pugu ulio chini ya hapa tulip,positive,1
206,206,Napenda kuishukuru Serikali ya Jamhuri ya Muungano wa kwa kuendelea kupokea na kuwahudumia kutok,positive,1
207,207,KUMBUKIZI YA LEO kUtoka Kwa JIMBO LA MIKUMI JOSEPH HAULE CHADEMA Kura 32259 Jonas NKYA CCM Ku,positive,1
208,208,Tulitolea taarifa kuna matengenezo katika mtambo wetu wa kufua umeme kwa gesi asilia cha Ubungo Tunatarajia yatakamilika Februari 13,positive,1
209,209,Kuna account ya Bonus wanayo kiukweli sio promo naipenda sana maana fedha yako haina makatoni account nzuri kwa,positive,1
210,210,Mkutano wa 18 Bunge la 11 Kikao cha Tatu unaendelea leo Januari 30 2020 Jijini Dodoma kikiongozwa na Spika wa B,positive,1
211,211,ninashukuru Mungu wangu kwamba nimeishi haya maisha na naomba Allah anijaalie mwisho mwema na niache nyuma yangu kumbukumbu nzuri na furaha ambayo nitaondoka nayo Amiiiin  HII NI HISTORIA FUPI YA MAISHA YANGU,positive,1
212,212,HabariNiTaaluma Muswada wa Huduma za Habari unalenga kuigeuza sekta ya habari kuwa taaluma kamili na itakayoheshimika z,positive,1
213,213,Namshukuru Mungu Mh rais ameniteua kwenye Wilaya yenye Wananchi na Viongozi wachapa kazi tumeweka msima,positive,1
214,214,Paul tutawajulisha juu ya zawadi kwa maswali ya jayoEndelea kufuatilia ukurasa wetu hm,positive,1
215,215,Tafadhali tunaomba utuandikie namba yako ya simu kwa msaada zaidiGift,positive,1
216,216,Usawa wa kijinsia bado ni changamoto kubwa duniani ni jukumu la kila mtu kuhakikisha kwamba wanawake wanatumia fursa zilizop,positive,1
217,217,Msanii wa Muziki wa Bongofleva nchini Nasibu Abdul Juma maarufu kama aipongeza Serikali ya awamu ya 5 in,positive,1
218,218,Watu wengi wangependa kuelewa kwa upana zaidi kuhusiana na suala la kushikana mkono handshakes kwani kila mazingira,positive,1
219,219,Nzuri Tunashukuru kwa maoni yako Tutayafikisha katika ngazi husika kwa majadiliano zaidi IR,positive,1
220,220,Msemaji wa Serikali Dk Abbasi atunukiwa Cheti cha Uprofesa nchini China Mkurugenzi wa Idara ya HabariMAELEZO na Msemaji Mkuu wa Serikali Dk Hassan Abbasi ametunukiwa cheti cha,positive,1
221,221,Mratibu wa Mr Ochola Wayoga leo amefungua warsha ya siku mbili mjini Dodoma warsha hio imewahusisha wenye viti mbal,positive,1
222,222,Huo ndio mwelekeo wa Serikali kwa sasa Na utekelezaji wa azma hiyo unaanza na mradi wa SEQUIP utakaozinduliwa muda mfupi uja,positive,1
223,223,Tunaomba namba yako DM kwa msaada zaidiKA,positive,1
224,224,siku hizi amekuwa kama mzaramo hataki ugali wa dona ila anapenda pizza na kukamuliwa juisi ameu,positive,1
225,225,Wachezaji wa Taifa Stars wanaondoka mji wa Cairo mkuelekea Alexandria kwenye mchezo wa kirafiki dhidi ya Timu ya Taifa ya,positive,1
226,226,Habari  kwa sasa mteja unapokea ujumbe mfupi sms unapofanya miamala kwenye akaunti yako Kama hupokei tunaomba utuandikie DM akaunti yako ya benki majina yako na namba ya simu uliyotumia wakati unafungua akaunti ili tuweze kukuuunganisha Karibu,positive,1
227,227,Mafunzo ni nyenzo muhimu katika kuleta ufanisi,positive,1
228,228,Nasikiliza hii ngoma Nikusaidiaje  ft Ferooz,positive,1
229,229,Tunapatikana nchi nzima,positive,1
230,230,Asante sana kwa ushauri tuanalifanyia kazi swala lakoBertha,positive,1
231,231,Leo ni Siku ya Wanawake Duniani Waziri ataungana na Wanawake na wakazi mkoani Mwanza kusherekea Siku hiyo katika viwanja vya Kisesa Bujora,positive,1
232,232,TAFITIKukumbatiwa mara kwa mara hupunguza hatari ya kuugua ikilinganishwa na wasiokumbatiwa mara kwa mara Tiba Fasta,positive,1
233,233,NW wa Ujenzi Elias Kwandikwa akagua maendeleo ya mradi wa ujenzi wa Ofisi na Nyumba ya Makazi ya Mkuu wa Wilaya ya,positive,1
234,234,AG Tutaikomboa ndege yetu Canada,positive,1
235,235,UJERUMANI KUSHIRIKIANA NA TANZANIA KUZALISHA UMEME VIJIJINI KWA MAENDELEO Y,positive,1
236,236,Habari tunaomba namba yako DM kwa msaada zaidiKA,positive,1
237,237,Nimerejea salama kutoka DodomaNamshukuru Mungu kwa ujasiri alionipa kwenda mbele ya Kamati ya maadili na nidhamu na,positive,1
238,238,Rais mstaafu Benjamin Mkapa akimshukuru na kutambua mchango wa msanifu designer wa kitab,positive,1
239,239,Wanafunzi wa shule za Sekondari Simiyu na Biashara wakipata elimu ya umuhimu wa matumizi wa taarifa za hali ya hewa Kwa,positive,1
240,240,Wanawake viongozi wa Taasisi mbalimbali wamekutana kujadiliana mambo mbali mbali kuhusu wanawake viongozi na juhudi gani zin,positive,1
241,241,Kwa ushahidi wa Quran kk Surah AlInsan inasomeka kuwa ulipita muda mrefu Mwanadamu hakuwepo na Mwenyezi Mungu alipom,positive,1
242,242,Najisikia furaha kuona tunapata wiki ya Ubunifu Dodoma wale ndugu zangu wa Kuna maonesho na semin,positive,1
243,243,amekuwa akinilisha akiniogesha na kuniangalia kwa ukaribu zaidi na kwa kila hali Ameacha kazi zake zote na kubadilisha mfumo wa maisha yake kwa ajili ya kunilea na kuniangalia kwa ukaribu zaidi,positive,1
244,244,Kwa miaka zaidi ya kumi sasa nimekuwa mtu wa kulala kitandani usiku na mchana lakini pamoja na yote haya hakuna hata siku moja ambayo niliwahi kujisikia mpweke na sababu kuu ni kwamba nimezungukwa na familia na rafiki wanaonionyesha upendo wa dhati,positive,1
245,245,Karibu sana Nyumbani,positive,1
246,246,PICHAWaziri Mwakyembe atembelea na kuona kasi ya ujenzi wa Ofisi za Wizara yake Ihumwa Jijini Dodoma  Wizara ya Habari,positive,1
247,247,Habari Ahsante kwa kuwasiliana nasi Ndugu mteja ili kuendelea kutoa huduma bora zaidi tumepitia upya gharama zetu za M pesa na kufanya marekebisho,positive,1
248,248,Habari Kaka wa Taifa tunafanya hivyo ili kuupdate taarifa za mteja ikiwepo kuwa na picha yake halisi ya wakati husika gtBM,positive,1
249,249,Hongereni Sana Wizara ya Afya Waziri Naibu Waziri Katibu Mkuu Dkt,positive,1
250,250,Kila hatua dua Mdogo mdogo Wananchi wanaanza kuelewa umuhimu wa chanjo ya Uviko 19,positive,1
251,251,Yaliyojiri Viwanja Yote Unayotakiwa Kujua Kuhusu Ligi Za Ulaya Wikiendi Iliyopita Soma zaidi,positive,1
252,252,Ahsante kwa kuwasiliana nasi endelea kufurahia huduma zetunk,positive,1
253,253,tukianza kuzalisha umeme mwingi wa gesi hatutakuwa na matumizi ya 1bl USDyr ya umeme wa mafuta,positive,1
254,254,Bro leo nilikuwa Lecture room kidogo mtandao kwangu ukuwa poanilishidwa kuchangia but mejifunza mengi na huwa siachi kukushkuru kwa mchango wako unajua watu wanadhani uchache wa followrs basi huyu hana madini yyte bro Lkn ulikuw,positive,1
255,255,Ahsante kwa kushiriki nasi Muslavic,positive,1
256,256,Mnajitahidi sana kiukweliZoezi likikamilika mtawapunguzia kazi maafisa uhamiaji maana taarifa za mtu na,positive,1
257,257,Jiunge na huduma za kibenki kupitia simu yako ya kiganjani ili upate ujumbe wa sms wa miamala ya akaunti yako na kuwa karibu na akaunti yako popote ulipo,positive,1
258,258,14 Unayemkaribisha ambaye hajawahi kusajili namba yake SportPesa atume neno KUBALI kwa namba yake ikifuatia na namba yako Mfano KUBALI 07 kwenda 15888 Kwa online abonyeze SAJILI SASA kupitia website yetu kisha ajaze namba yako kwe,positive,1
259,259,Hongera sana mwalimu Wewe ni mfano kwa wengi,positive,1
260,260,Muonekano wa Barabara ya Sabasaba  Kiseke Buswelu iliyojengwa na wakala wa barabara za Vijijini na Mijini TARURA Ilemela,positive,1
261,261,Mambo ya kujua kabla ya kuwekeza kwenye kilimo 1 Uhakika wa mnunuzi wa mazao yako 2 Mahitaji ya bidhaa ya wanunuziwateja wako katika misimu 3 Njia rahisiza gharama nafuu za kuwafikishia wateja bidhaa 4 Jua gharama halisiActual Investment cost ya uzalishaji,positive,1
262,262,HABARI NJEMA KWA MASHIBIKI ZANGU Kwa mujibu wa viwango vilivyotolewa na mtandao wa ngumi za kulipwa wa dunia,positive,1
263,263,Tangu kuanza kwa kampeni ya mwaka 2012 idadi ya watu wanaogua ugonjwa wa kuhara imepungua toka milioni 14 mpak,positive,1
264,264,Makabidhiano ya Ndege ya Pili ya iitwayo yamefanyika Jana huko Nchini Canada Janaambapo Ndege hii ya p,positive,1
265,265,Wachezaji wa timu ya GIPCO FC wakipokea maelekezo kutoka kwa makocha wao katika mchezo,positive,1
266,266,Huu ni ukomavu Serikali itaendelea kusimamia umakini katika tasnia ya habari,positive,1
267,267,HABARI NJEMA KWA MASHIBIKI ZANGU Kwa mujibu wa viwango vilivyotolewa na mtandao wa ngumi za kulipwa wa dunia,positive,1
268,268,Unaweza kubadili namna ya kutafikia malengo lakini kamwe usibadili malengo,positive,1
269,269,Aisee kumbe wamewarahisishia wasanii wa TZ na Africa streams zao kuwekwa kwenye charts zote za Billboard na,positive,1
270,270,Weekend ndo siku zakujiachia piga menu nzuri nini alafu pembeni ukiwa na Washwa na G amini utaenjoy msosi wako kwa furaha k,positive,1
271,271,Habari fika Kilombero madukani kuna duka letuKA,positive,1
272,272,Alhamdulillah Nimefarijika sana kwa heshma hii Asanteni sana kwa ishara hii ya kunishukuru,positive,1
273,273,Habari Tafadhali fahamu kuwa akaunti yako imewezeshwa kifurushi cha DStv Bomba Tshs 19000 tafadhali acha kisimbuzi,positive,1
274,274,Mwanaume unajua kupika chapati ya duarakufuakuosha vyombokufanya usafi na kukuna nazi Unawahi nn katika ndoa,positive,1
275,275,UCHAMBUZI Mwalimu akithaminiwa elimu yetu itapanda chati,positive,1
276,276,KUNA LA KUJIFUNZA KWA MTOTO MALCOLM MASOUD KIPANYA Jina langu ni Malcolm Ali Masoud ni mtoto wa kwanza wa Ali Masoud Kip,positive,1
277,277,Rais wa Zanzibar na Mwenyekiti wa Baraza la Mapinduzi Dk Ali Mohamed Shein ametunuku Nishani ya Mapinduzi Nishani ya Utumishi uliotukuka pamoja na Nishani ya Ushujaa kwa Viongozi Watumishi wa Umma Maafisa na Wapiganaji wa Idara za SMZ na wananchi mbalimbali wenye sifa maalum,positive,1
278,278,Huyu kauli zake naziamini sana Hana maneno mengi  na kase,positive,1
279,279,PICHA Waziri akutana na viongozi wa vyama vya msingi vya ushirika Nachingwea ili kuwahamasisha juu ya kujiunga na mfuko wa bima ya Afya  WizaraYaAfya twitter,positive,1
280,280,Ukifafanua vyema maoni yako yatatusaidia katika kujeng,positive,1
281,281,E bwana MC shupavu huu ujumbe wa humu ni zaidi ya inspiration tulimiss sana ngoma za namna hii You nailed,positive,1
282,282,Pamoja sana Endelea kufurahia huduma zetu na tunakutakia Siku njema,positive,1
283,283,Ahsante kwa mrejesho huu mdau,positive,1
284,284,Barakoa hainikingi mimi pekee bali huikinga familia marafiki na jamii inayonizunguka  Abby Hata kama umechanja,positive,1
285,285,uliowasilishwa na Afisa Mkuu wetu wa Wateja Binafsi Biashara Ndogo na za Kati  Filbert Mponzi kwa Mh Waziri Mkuu Kassim Majaliwa mbele ya Wakulima wakiongozwa na Mwenyekiti wa Vyama vya Mkonge Mkoani Tanga  Greyson Nyari,positive,1
286,286,Tunaendelea kukupa uhuru wa kuongea PIGA 14915 Kupata uhuru wa kuchagua bando unalohitaji toka Zantel,positive,1
287,287,chanel yetu ya MMB DStv 160 na hivi karibuni vipindi vingine vipya vitaanza kurushwa katika chaneli hiyoGift,positive,1
288,288,Mshambuliaji wa Klabu ya Azam Donald Ngoma ametia saini mkataba mpya wa mwaka mmoja na Klabu hiyo utakaomweka klabuni hapo hadi mwaka 2020 baada ya Benchi la Ufundi chini,positive,1
289,289,Vijana wametakiwa kujitambua na kujenga utaratibu wa kupima na kulinda afya zao ili kuwa na taifa lenye nguvukazi ya vijana watakaokuza uchumi wa nchi hususan kutokana na kubainika changamoto ya maambukizi ya Virusi vya Ukimwi kwa kundi hilo,positive,1
290,290,Bonus saving is good Nimefungua hii akaunti personally,positive,1
291,291,Waziri wa Sera Bunge Kazi Vijana na Ajira Jenista Mhagama leo Februari 172020 amezindua mfumo wa kisasa wa ma,positive,1
292,292,Tar 12082018 Niliongozana na Bw Mussa Gama Mkurugenzi Halmashauri ya Kisarawe kufanya kikao muhimu cha Mashirikiano kati,positive,1
293,293,Mdogowangu Dengelesi anapendwa sana na Cocosiku atutie aibu sijui tutaficha wapi sura zetu wasukuma wa Mwanza,positive,1
294,294,TAARIFA Dkt Hassan Abbasi ataendelea kuwa Msemaji Mkuu wa Serikali hadi pale atakapopatikana Msemaji Mkuu Mwingine,positive,1
295,295,Kesho si ndio siku yetu ya kujifunza huku tukifurahia umoja wetu waswahili  Basi kujua mbinu za kupata kazi kirahisi ndugu,positive,1
296,296,Matunda yenye rangi ya njano kama machungwa na maembe yana kiasi kikubwa cha vitamini C Mahususi katika kuongeza na kuimaris,positive,1
297,297,Ulaji wa Apple la kijina na ndizi usaidia kupunguza uzito,positive,1
298,298,Repost from using repostregramapp  Multichoice imekuja na THE PUNGUZO Miezi miwili,positive,1
299,299,Umoja wa Mataifa chini ya uongozi wa umejiwekea lengo la kufikia usawa wa jinsia kwa kuwapatia wanawake 50 ya ajira ndani ya chombo hicho katika ngazi zote na hadi sasa umefikia lengo hilo la 5050 katika uongozi wa ngazi y,positive,1
300,300,Matokeo Chanya LIVERAIS MAGUFULI KATIKA UZINDUZI WA JENGO LA TAT,positive,1
301,301,Kuna haja ya kutoa elimu kwa jamii pamoja na kuongeza uhamasishaji juu ya umuhimu na hatima ya kielimu kwa watoto wa k,positive,1
302,302,bKabla watu awajakufollow lazima wangalie profile yako weks profile ambayo inaeeza kuvutis watu kukufollow cBio Tengeneza bio ambayo inaonyesha watu wanaweza kujifunza kitu kupitia wewe Mfano wa bio isiokuwa na mvito Nna miaka 18 nakaa mbagala nasomea ufundi,positive,1
303,303,Wanamwita Sugu SUGU SUGU SUGU My brother Jongwa Hatari I re,positive,1
304,304,Leo kwenye leo tunaongelea ulinzi na uangalizi kwa mtoto je wewe unaelewa nini kuhusu hilo ungana na Idrisa Salum Mwanakwetu Chomboni pamoja na marafiki wa Elimu Ayubu Bwanamadi,positive,1
305,305,Habari Juma Usijali tutakufahamisha mshindi huyo wa mil 26 aliweza kupata kiasi hicho cha bonus kwa sababu aliweka mikeka mingi ya Jackpot hivyo alipatia mechi nyingi katika kila mkeka aliokuwa ameuweka Cheza sasa kupitia na wewe uweze kushi,positive,1
306,306,Karibu katika kipindi cha usikilize mikasa ya maisha na mapenzi na umtakie usiku mwema umpendae kwa,positive,1
307,307,Habari Ahsante wa kuwasiliana nasi Tuapenda kukufahamisha kwamba hata hicho kifurushi cha shilingi 500 kipo bonyeza 14901 kisha chagua nunua bando kisha chagua intaneti na jiunge kifurushi kulingana na matumizi yako Ahsante kwa kucha,positive,1
308,308,Karibu sana Chief Ukimaliza kusoma jisikie huru kutoa mawazo ya ziada au mawazo kinzani,positive,1
309,309,Nyama Choma Festival jumamosi hii pande za Leaders Club kwa kiingilio cha Sh 10000 ukinunua tiketi mapema au Sh,positive,1
310,310,Ishi na watu vizuri watendee wema MUNGU ndiye ataamua kukulipa kwa njia inayoonekana au kwa njia isiyoonekana,positive,1
311,311,tunaomba namba yako na eneo unaloishi,positive,1
312,312,NAIBU WAZIRI WA MAJI NA UMWAGILIAJI ATEMBELEA BANDA LA MAONYESHO LA VITAMBULISHO VYA TAIFA NIDA NANENANE,positive,1
313,313,Makamu wa Rais Samia Suluhu Hassan aipongeza sekta ya Utalii nchini kwa mahusiano mazuri Duniani kutokana na maendeleo ya teknolojia na upatikanaji taarifaSoma Zaidi gtgt,positive,1
314,314,Nchi ya Tanzania na Afrika Kusini ni washirika wakubwa wa uchumi na maendeleo,positive,1
315,315,Lugha ni Kiswahili tutena kwa kipindi hiki muhimu wakati hatujui kingereza au kiswahilini bora,positive,1
316,316,Mjumbe wa Kamati ya Hamasa na Uchangiaji ya Said Mrisho alipofafanua kuhusu tiketi za kuingilia kwenye tukio kub,positive,1
317,317,Serikali kupitia Sekta ya Ujenzi imeanzisha utaratibu wa kufuatilia utendaji kazi wa mizani kwa saa 24 kwa kutumia mfumo w,positive,1
318,318,Habari Ahsante kwa kuwasiliana nasi Pole sana kwa changamoto uliyoipata Tunapenda kukufahamisha kuwa wateja wote walipewa MB 300 kama pole,positive,1
319,319,Kocha wa Wolves Nuno Espirito Santo amethibitisha kuwa Wawili hao wako Fiti kuelekea Mchezo wao wa Leo dhidi ya Leiceste,positive,1
320,320,Mapato yanatokana na gawio na michango ya kampuni taasisi na mashirika yameongezeka kutoka TZS 16104 bilioni mwaka 2014,positive,1
321,321,VIDEOKlabu ya Barcelona wamesha tua katika Jiji la Manchester United kucheza mchezo wao wa Klabu Bingwa Ulaya dhidi ya Manchester United Mchezo utakao chezwa kesho Jumatano,positive,1
322,322,Ujumbe mfupi sms wa kwanza kwenye simu ulitumwa Disemba 3 1992 ambapo Mhandisi Neil Papworth wa Canada aliandika Mer,positive,1
323,323,Lengo hasa la kitabu hichi ni kuongeza hamasa kwa mabinti kuwa inawezekana pia kuwajengea Uthubutu  ndani ya PB ya,positive,1
324,324,Abubakar tafadhali tuambie ni tatizo gani haswa hutokezea unapotumia wifi kwa laini yako ya zantel ili tuweze kukusaidia,positive,1
325,325,Shukrani Musoma Shukrani Mhe Mkuu wa Mkoa Brother Adam Malima Tuseme nini tenaNyumbani kumenoga,positive,1
326,326,Muonekano wa barabara ya Bwanga Biharamulo km 68 ambayo ujenzi wake kwa kiwango cha lami umekamilika barabara hiyo inau,positive,1
327,327,So kwa mwalimu wangu wa tuition primary aliitwa Bryson huyu ndo alinipa msingi na kunifanya niipende hesabusijui yuko wapi ila mara ya mwisho nikikutana nae kwenye kitimoto sinai tukanywa na bia bila kumsahau NdimboPure Math advanceMungu azidi kuwabariki,positive,1
328,328,Miaka 20 iliyobadilisha maisha ya tuliowengi shukurani sana,positive,1
329,329,huwezi kuamini wajukuu wako na ni wapenzi na wanataka kuoana,positive,1
330,330,rahisi kupata simu hiyo Ahsante LM,positive,1
331,331,Suala la tume huru linapaswa kuwa ni movement ya wananchiWanasiasa watatukuta mbele ya safari tukiwa tumeanza kutifuana na,positive,1
332,332,Habari Aklei Asnate sana kwa ushauri wako Tutaufanyia kaziJ,positive,1
333,333,Tunaposema tunazungumzia kazi kubwa ya kuhamasisha wanawake kuwa viongozi kuanzia mwanamke mwenye miaka 12,positive,1
334,334,FURAHA INAKUJA PALE UNAPOACHA KULALAMIKA KUHUSU MATATIZO ULIYONAYO NA KUMSHUKURU ALLAH KWA MATATIZO USIYOKUWA NAYO MWISHO TUMSHUKURU MUNGU KWA KILA JAMBO,positive,1
335,335,Tunajivunia kwa mwaka wa tatu kuwa na partnership kupitia tuzo za na imetufungulia milango m,positive,1
336,336,Rais akivuta utepe pamoja na Balozi wa China hapa nchini Wang Ke kuashiria ufunguzi wa Maktaba mpya ya Chuo Kikuu cha Dar es Salaam yenye uwezo wa kuchukua wanafunzi 2100 kwa wakati mmoja Wengine pichani ni Viongozi waastaafu mbalimbali kutoka nchini Tanzania,positive,1
337,337,Je wajua kuwa watu huzishika nyuso zao aghalabu mara 23 kwa lisaa limoja basi ni vyema tujali afya zetu kwa kunawa mikono yetu mara kwa mara na Maji Safi yanayotiririka kwa sabuni au vitakasa,positive,1
338,338,Kamati ya ya Miundombinu imesema bajeti ya Wizara ya Ujenzi Uchukuzi na Mawasiliano kwa mwaka wa fedha 201819 imeshuka kwa Asilimia saba kutoka Tsh Trilioni 45 mwaka 201718 hadi Tsh Trilioni 42 mwaka ujao wa fedha,positive,1
339,339,Kesho Januari 10 2020 Rais anaanza ziara ya kikazi Visiwani Zanzibar ambapo ataweka jiwe la msingi la,positive,1
340,340,Mkuu wa wilaya akisalimiana na wasanii mbalimbali waliojumuika katika Ziara ya Makamu wa Rais,positive,1
341,341,Shukrani sana kwa kuwa balozi mzuri,positive,1
342,342,pia fahamu ya kuwa tunafanya maboresho kwenye menyu zetu za vifurushi ili kuwapatia vifurushi bomba kabisa wateja wetu Tafadhali piga 14700 au 14800 chagua saizi siku wikimwezi au Halichachi kupata vifurushi vyetu vilivyobo,positive,1
343,343,Na ndio maana kujenga barabara hii ni muhimu Ili yake magari yatakayokuja kudhughulika hapa mitambo wawekezaji watakaokuja hapa usafirishaji wa madini haya Barabara isije ikawa kikwazo  RaisJPmRuangwa,positive,1
344,344,TAARIFA KWA WAKULIMA NA UMMA KWA UJUMLA JUU YA MUELEKEO WA MVUA NCHINI KUTOKA TMA Link,positive,1
345,345,Hongera Mh  Hongera mama Samia Suluhu Hongera wabunge na madiwani wateule wote Tukajenge nchi sasa,positive,1
346,346,Ali Khamis mteja wetu wa thamani endelea kuongeza salio zaid na zaid ili uweze kushinda na JERO YAKO promosheni asante sana kwa kuzid kuweka vocha tafadhali wajulishe na wengine wengi,positive,1
347,347,Leo kwenye hotuba yangu nilipoalikwa kwenye mkutano wa mbunge wa Mbozi nimewaambia wananchiTutanaka tume huru,positive,1
348,348,condom huzuia mimba zisizotarajiwa na haliyakuwa mnajamiana tuachane na hilo condom pia inakukinga na maambukizi ya magojwa hatarishi ya zinaa km syphilis gornorrhea virusi vya ukimwi etc,positive,1
349,349,Ukipata Pesa Au Cheo Hakikisha Unawanyanyua Walio Chini Utapata Baraka Usitumie Pesa Zako Au Cheo Chako Kuwanyanyasa W,positive,1
350,350,Habari Ahsante kwa kuwasiliana nasi pole sana kwa changamoto uliyoipata tulikuwa na tatizo la mtandao ila kwa sasa huduma ya internet imerejea naomba kufahamu kwa sasa bado unashindwa kutumia Internet Ahsante WN,positive,1
351,351,Coco amp Denge nimependa namna wametoa elimu ya kufanya biashara mtandaoni Wengi hatujui kutumia kukuza biashara,positive,1
352,352,Watani zangu Kagera wao ni maneno na kujidai tu Kagera inachangia 25 tu ya Pato la Taifa GDP na vile vile 31 ya Wakaz,positive,1
353,353,Tokea mabibo kwa masai play ya maalum kwa wanaoisikiliza kwa haya masa,positive,1
354,354,Dkt Tizeba asisitiza ushirikishwaji wa TMA kwenye miradi mbalimbali ya maendeleo ya Kilimo Kwa taarifa zaidi tembelea,positive,1
355,355,Ewe kijana mwenye uwezo sasahivi wa kufanya anasa za kila aina Nakushauri pesa hizo kajenge weka akiba kwaajili ya watoto,positive,1
356,356,MADAKTARI BINGWA WA WATOTO WA TAASISI YA MOYO JKCI NA PROF PAN XIANG BIN WAFANYA UPASUAJI WA BILA KUFUNGUA KIFUA KUPITIA MSHIPA WA DAMU WA KWENYE PAJA,positive,1
357,357,Je mavazi haya yanafaa kuwa maalum kwa ajili ya  Yametengenezwa na mbunifu mdogo aitwaye,positive,1
358,358,Upo eneo gani mteja tunaomba details vizuri ili tuweze kufuatilia,positive,1
359,359,Ushiriki wa vijana kwenye kilimo ni mkubwa sana nchini Rwanda tunawajibika kuwasaidia vijana ili waweze kufanya kilimo cha kibiashara kwa lengo la kuinua kipato chao wenyewe na kuwajengea mazingira ya kukitegemea na si kutengenea ajira pekee Waziri MkuuRwanda,positive,1
360,360,Episode 4 imekaa kidegree sana ina mafunzo mengi ndani yake hususani sisi raia wa kidigitali tunaotumia mitanda,positive,1
361,361,Nampelekea boks la chaki km zawadi,positive,1
362,362,Mshauri kujiamini na kua na furaha ni silaha zaidi hata ya nuclear,positive,1
363,363,thamani ya mauzo ya madini nje ya nchi iliongezeka kutoka USD198msawa na Tzs 3168bl 2011 hadi kufikia USD 23blsawa na tzs3684bl2012,positive,1
364,364,Habari pole sana kwa changamoto Kama unapata shida ya mtandao tunaomba namba yako inbox kwa msaadaKA,positive,1
365,365,Wadau walioshiriki kutoa maoni kuboresha Muswada ni WananchiTLSMOATMISATANMCTLHRCTEFNOLA na WabungeMheNAPE,positive,1
366,366,endelea kujifunza na kupata taarifa sahihi zaidi kuhusu gesi asilia na ugunduzi wake,positive,1
367,367,Happy Birthday Mh Rais Mstaafu wa Awamu ya Nne Dkt kwa kutimiza miaka 71Mwenyezi Mungu Akujalie Umri Mrefu na Af,positive,1
368,368,Kumbe tunaifukuzia China kwa wingitushafika bilioni toka milion 60mpk 1000 milioni tofauti hapo ni 940M Tumepiga hatua kubwa,positive,1
369,369,habari unahitajika kutembelea tawi lililo karibu nawe na kujaza fomu,positive,1
370,370,Tunashukuru sana mh kwa kutembelea banda letu kujionea mkaa mbadala wa mianzi,positive,1
371,371,harith rashid kujiunga na kifurushi piga namba 14700 au 14800 kisha chagua namba 1 saizi yako,positive,1
372,372,tuhamasike kupinga RUSHWA YA NGONO Vyuoni na Mahala pa Kazi ili kuwa na kwa maendeleo,positive,1
373,373,Baba wa Taifa Julius Kambarage,positive,1
374,374,Huu ni zaidi ya upendo Tuendelee kushikana hakika tutashinda,positive,1
375,375,Usikose kutazana droo ya mechi za mtoano za Mashindano ya CAF Confideration Cup DStv inakuletea LIVE kuona droo hizi hapo kesho saa 2 usiku kupitia SS9 kifurushi cha Bomba sh 19000 tu Lipia mapema kifurushi chako kujiunga na DStv piga 0659070707,positive,1
376,376,Makamu wa Rais Mama Samia Suluhu amewaagiza wakuu wa Mikoa yote kutenga bajeti ili kuhakikisha inafany,positive,1
377,377,Kuna nguvu ya ajabu sana when you start thinking positively Inapunguza hofu ya kupoteza au kufeli,positive,1
378,378,Jana niliongea na Dk Bashiru alinipigia nafikiri alitaka kutest kwamba vipi salamu zake zimefika nimemwambia katika,positive,1
379,379,Sisi tuko pamoja kwenda na Serikali hadi mwisho kuhakikisha suala hili linafanikiwaila ni vyema lifate miiko na utekelezaji w,positive,1
380,380,Leo ni siku ya sauti duniani na kupitia tutakujuza ni kwa namna gani unaweza,positive,1
381,381,Habari ahsante kwa kuwasiliana nasi tunashukuru kwa mrejesho wako Endelea kuwa supa na mtandao supa Tanzania Ahsante JM,positive,1
382,382,Kwa jide imesound Good kabiasa yaani,positive,1
383,383,Capital City Marathon itakuwa ikifanyika kila mwaka kuanzia sasa na lengo likiwa kukua na kuwa mbio za kimataifa zitakazoshirikisha wakimbia wengi Duniani,positive,1
384,384,Hii ni Hatua Muhimu sana pongezi kwa kikao hicho binafsi ninaamini kuwa pamoja na miundombinu ndani ya Msitu wa Pugu kuan,positive,1
385,385,Moja ya mambo muhimu ambayo sisi watu wazima tunaweza kufanya kwa watoto wadogo ni kuwajenga kwenye namna ambayo tungetaka wa,positive,1
386,386,AMANI NA UTULIVU IWE KWA AFRIKA NZIMA,positive,1
387,387,Waziri wa Afya amesema Tanzania imepata pongezi kutoka kituo cha kimataifa cha kufatilia kutathmini kutoa taarifa na kuchukua hatua CDC kwa kufanya vizruri katika utekelezaji huo hasa katika magonjwa ya mlipuko,positive,1
388,388,Habari a man of people Tafadhali tunaomba utupe taarifa kamili kuhusiana na tatizo la network namba ya simu inbox Mahali husika na tatizo limeanza lini,positive,1
389,389,Asanteni sana kwa kushare post yangu ya Jana hatimae nimepata oda ya kitanda dizaini kama ya kile nlichopost Jana  Oda tu,positive,1
390,390,wanakutana na dimbani Mara yat mwisho walipochuana Utd walishinda10  leo unadhani itakuaje Ingia kuweka bashiri yako ushinde,positive,1
391,391,Sasa unaweza kulipia bili zako uwapo nyumbani kwakoNi rahisi piga 15022Jaribu leo,positive,1
392,392,Episode 4 hii ni Tamthilia yenye kuburudisha na iliyojaa mafunzo mengi ndani yake hususani sisi raia wa ki,positive,1
393,393,Klabu ya Aston Villa imetangaza kumsajili nyota wa soka Mbwana kwa mkataba wa miaka minne na nusu kuto,positive,1
394,394,Karibu sana Mteja wetu,positive,1
395,395,wizara imeweka kanuni kunufaisha Taifa1hakuna mgodi utakaotolewa leseni bila serikali kuwa na hisa 2 wachmbaj wazawa 1st,positive,1
396,396,Habari yakotunashukuru kwa kushiriki nasi kwenye ukurasa wetu,positive,1
397,397,Kipindi cha pili Kichuya anawanyanyua Wana msimbazi 10,positive,1
398,398,MBOWE ASHINDA KWA KISHINDO UENYEKITI CHADEMA,positive,1
399,399,Asante kwa kuwa nasiTumia Ezypesa na Ushinde,positive,1
400,400,Mungu tusaidie mafirstborn wote amen,positive,1
401,401,Katika kuhakikisha tunafikia 5050 Wanahabari wana Wajibu wa Kuhakikisha Wanafichua Na Kukemea Maovu Yote wanayokutana Nay,positive,1
402,402,Jenga Bet  Turkey vs Greece Mara ya mwisho timu hizi zimekutana kwenye mechi ya kirafiki Nov 2015 ambapo walitoka sare ya 00Itakuwaje leo Cheza kwenye masoko zaidi ya 6 ndani ya mechi 1ushinde zaidi  Cheza,positive,1
403,403,Jamaa yetu wa suti leo pia anatusogezea mambo mazuri Mcheki hapa 0762617089,positive,1
404,404,Nashidwa kufahamu na kwa Namna Gani naweza kufikisha Shukran zangu Kwako kwa Mchango wako kupromote kitabu Uzinduzi ulikuwa Mzuri ndani ya CHUO KIKUU CHA WAISLAM MOROGORO Kwa mahitaji whats no 0624613046,positive,1
405,405,Raha ya kufundisha watoto akisema tu sad na mi nakuwa sad Anyway knowing my kids mood is my first priority https,positive,1
406,406,Ni imani yetu kuwa sisi kama Benki siyo tu ni biashara au biashara ipatayo faida tu ni zaidi ya hayo Benki ya CRDB ni,positive,1
407,407,SIMBACHAWENE AAGIZA BIDHAA HUDUMA ZISHUKE BEI Waziri wa Nishati na Madini George Simbachwene amesisitiza,positive,1
408,408,Mh mbunge wa Tarime Vijijini akizungumza na Wananchi wa Nyamongo  kesho atakuwa Sirari,positive,1
409,409,UHURU MICHEZOManchester City mabingwa Kombe la Ligi,positive,1
410,410,Azaki zina mchango mkubwa kwenye uchambuzi wa sera na sheria mbali mbali Tukutane siku ya kesho kujifunza zaidi,positive,1
411,411,Hakuna jipya china ya jua by,positive,1
412,412,Tutamiss sana uwepo Amr Moustafa Fahmy alikuwa katibu mkuu mwenye uwazi sana katika utendaji wake na kizuri alikuwa anaelek,positive,1
413,413,BAO la kweli kabisa Karibu Zantel upige BAO,positive,1
414,414,Usalama umeimarishwa katika viwanja vya ndege vya Ufaransa na Ujerumani kuelekea kipindi hiki cha sherehe za Krismasi na mwaka mpya ambapo viwanja vya ndege vya Ulaya hupokea ujumbe wa tahadhari kutoka nchi mbalimbali duniani baadhi ukiwa wa kuaminika,positive,1
415,415,Waziri Lukuvi pia amewataka wananchi kuwataja hadharani maofisa ardhi wote wanaojihusisha kutengeneza migogoro kushirikiana na matapeli au kushindwa kutoa huduma kwa wananchi ipasavyo katika sekta hiyo,positive,1
416,416,Asante kwa kunipa nafasi na kuniamini nikusaidie Mh Mipango Ufuatiliaji na Maelekezo yako vinatupa nguvu s,positive,1
417,417,Tafadhali tufahamishe umepata taarifa za ofa hii kwa njia gani kwa msaada zaidiGift,positive,1
418,418,mipango imara ya kufikia lengo imewekwana imani yetu kuwa tutafanikiwa wizara yetu hukusanya sehemu kubwa sana ya makadirio,positive,1
419,419,Hongera Mkuu Arusha Tanzania,positive,1
420,420,Hatutakiwa kuhukumu Mungu pekee ndo anajukumu la kuhukumu Kwa mujibu wa Ukristo,positive,1
421,421,Timu ya hatuwezi kataa Ombi la kuwapa Elimu zaidi wananchi wetu kwenye,positive,1
422,422,imeanza kuilipa mkopo iliotumia kujenga SGR baada ya kipindi cha neema cha miaka 5 ilichoongezewa kumalizik,positive,1
423,423,Uongozi ni dhamana,positive,1
424,424,kama vile miili yetu ilivyo na uhitaji mkubwa wa chakula basi hata mioyo yetu inahitaji kujenga mahusiano mazuri na MOLA,positive,1
425,425,Tumelenga zaidi matokeo na kuufanya uwajibike na uheshimiwe zaidi  kuhusu mabadiliko mapya yanayoendelea ndani ya umoja huo,positive,1
426,426,WAZIRI Mkuu Kassim Majaliwa amesema ameridhishwa na kasi na viwango vya ujenzi wa mfumo wa reli ya kisasa SGR inayojengwa na kampuni ya Yapi Merkezi Soma zaidi gtgt,positive,1
427,427,Kwa morombo tayari vibehii nchi raha ni maamuzi tu imagine watu wanakula bapa na nyamachoma huku wanabadilishana mawazo mda huu,positive,1
428,428,Mwambie neno moja mama mkwe wako kuhusu mwanawe Me Asante sana kwa kunizalia ATM mashine,positive,1
429,429,Je wajua Kwa nini tunahitaji kupata chanjo dhidi ya Uviko 19 Chanjo husaidia sana kuimarisha Kinga mwili na ina ufanisi mkubwa imethibitishwa na shirika la afya Duniani WH0,positive,1
430,430,Rais ameshawatunuku Kamisheni Maafisa Wanafunzi wa Jeshi la Wananchi Tanzania JWTZ kundi 6719 katika,positive,1
431,431,nashukuru nilishapata japo kuna mwana na elimu yake kubwa aliniambia nilichokifanya matokeo ni baada ya miak,positive,1
432,432,Habari Goodluck Pole sana kwa kuchelewa kupata tiketi yako tafadhali tutumie DM namba yako ya simu tuweze kuangalia kwa upande wetu MT,positive,1
433,433,Habari asante kwa kuwasiliana nasi na pole kwa changamoto hiyo tuandikie ujumbe unaopta kwa msaada zaidiBahati,positive,1
434,434,Nini Tufanye kusaidia afya Bora na akili makini kwa Mama mja mzito na watoto wetu Haiwezekani watu wetu wapoteze maisha tuseme Mapenzi ya Mungu MwangaBora na Dr Pius,positive,1
435,435,Nakuandikia Pongezi na shukrani kwa miaka 4 katika kiti ulichopo,positive,1
436,436,Usikubali Kujenga Kawaida Kwani Unayo Nafasi Ya Kujenga Mjengo wa Kisasa Uutakao Kadiri ya Uwezo Wako Utafanyaje  Wachek,positive,1
437,437,Utabiri wa Hali ya Hewa wa saa 24 zijazo kuanzia saa 3 usiku wa leo 01082019,positive,1
438,438,Habari Herbert Msirikale Pamoja sana Endelea kufurahia huduma za Tigo,positive,1
439,439,Utabiri wa Hali ya Hewa wa saa 24 zijazo kuanzia saa 3 usiku wa leo tarehe 09062018,positive,1
440,440,Leo 13022019 ni Siku ya Radio Duniani Dunia Leo inaadhimisha siku ya Radio Redio ni Chombo kinachozungumza na Mtu na mamilioni ya watu duniani ambao wasingeliweza kupata habari,positive,1
441,441,MTAKUWWA gt Mtandao wa kutokomeza ukatili wa kijinsia kwa wanawake na watoto ulianzishwa ili kusimamia shughuli zote za,positive,1
442,442,Halmshauri ya Wilaya ya Nyanghwale Mkoani Geita imepokea kiasi cha Shilingi Bilioni 15 kwa ajili ya ujenzi wa Hospitali ya Wilaya huku Halmashauri hiyo ikijipanga kuhakikisha Mradi huo,positive,1
443,443,Kikosi cha timu ya TEMESA FC leo kimecheza mechi ya kirafiki dhidi ya timu ya ZI,positive,1
444,444,Asante kwa kufanikisha safari yetu ya mwaka 2017 tunakutakia Amani pamoja na Afya njema Kheri ya Sikukuu za Christmas na Mwaka mpya,positive,1
445,445,Niwapongeze sana ndugu zangu  na kwa kuisaka na kuipata fursa ya Ni kw,positive,1
446,446,Asante kwa kutembelea ukurasa wetu MrMe,positive,1
447,447,Pata tuzo kabambe na DStv Lipia kwa wakati kifurushi chako na unufaike na punguzo kubwa katika maduka hoteli na migahawa,positive,1
448,448,Mnafanya kazi bora kabisa kwa Kiswahili safi na kimombo kizuri Mungu awabariki mzidi kuitumikia jamii Can I get a thunderou,positive,1
449,449,Inategemea unatoa shilingi ngapiSuzy,positive,1
450,450,Ahsante kwa kutembelea ukurasa wetu,positive,1
451,451,Chakula bora na salama hukuweka mbali na magonjwa,positive,1
452,452,Ka mkubwa me mdau wako Sana wanguvu Naomba kujua kidogo kuhusu William anne ambae nimckia alikuwa hack tishio na pia Kevin Mitnick is an American computer security consultant author and a black hat turned white hat hacker Blessed,positive,1
453,453,Usisahau kumpigia kura Diamond Platinumz ili ashinde tuzo ya BET Kumbukumbu ushindi wa Diamond ni kuitangaza Tanzan,positive,1
454,454,Ahsante kwa kuwasiliana nasisamahani ndugu mtejavipi kwa siku ya leohali imetengamaa au bado kuna tatizoLM,positive,1
455,455,KUELEKEA AFCON U17 2019 Zimebakia siku 32 Mashindano hayo kuanza 1428 Aprili 2019,positive,1
456,456,Pole sana kwa usumbufu tunaomba namba yako tushughulikie hili tatizo,positive,1
457,457,wanakwambia hiviii Usipitwe na muda wa kula bata la uhakika unapotumia au na kuji,positive,1
458,458,Ander Herrera akipewa kazi ya kukaba mtu mmoja tu hakuna bora kama yeye barani Ulaya sasa hivi,positive,1
459,459,Faida mojawapo kubwa ya hili zoezi linachoma calories kwa haraka zaidi halina utofauti na zoezi la kutembea SEMA hili u,positive,1
460,460,Washiriki 40 toka wilaya ya KilosaIramba na Mpwapwa ambao ni walimu wa elimu ya awali katika ufunguzi wa mafunzo ya kuwa,positive,1
461,461,Ninje wa Chalenji apewa Ngorongoro Heroes gtgtgt,positive,1
462,462,Habari Ahsante kwa kuwasiliana nasi Pole sana kwa changamoto uliyoipata Tunapenda kukufahamisha kuwa wateja wote walipewa MB 300 kama pole lakini pia tuliweza kuwarudishia vifurushi vyao walivyojiunga na kushindwa kuvitumia kwa siku husika,positive,1
463,463,Kufikia usawa wa kijinsia inatubidi kubadili Mifumo ya elimu yenye ufanisi inayotoa usawa huduma bora za elimu kwa wote,positive,1
464,464,Baadhi ya washindi wa zawadi mbalimbali za Valentines wakisambaza Luv katika ofisi za Clouds Media Group,positive,1
465,465,Utoaji chanjo ya UVIKO19 mkoani Arusha unaridhisha Naibu Katibu Mkuu anayeshughulikia Afya Dkt Grace Mag,positive,1
466,466,Katibu wa Siasa na Uenezi Bw Jonathan Masele amesema hatua zinazoendelea kuchukuliwa na Rais zitasaidia maendeleo ya nchi na Taifa pia,positive,1
467,467,Serikali inatoa pole kwa watumiaji wa instagram Facebook na instagram,positive,1
468,468,Binti akikosea haina budi kumsamehe na kumpa nafasi ya piliHii itaongeza chachu ya kusoma kwa bidii ili kusa,positive,1
469,469,Nimefurahi sana Comrade Kinana kubaki kama Katibu Mkuu Ni kiungo muhimu katika kujenga CCM Mpya chini ya Mwenyekiti mpya,positive,1
470,470,Ishi na watu vizuri watendee wema MUNGU ndiye ataamua kukulipa kwa njia inayoonekana au kwa njia isiyoonekana,positive,1
471,471,erikali imesema imedhamiria kuwanufaisha wananchi kupitia rasilimali za nchi,positive,1
472,472,Jitihada zinaendelea kuimarisha mtandaokwa sana unaweza kuangalia salioni vyema ukatupatia namba yako tukafuatilia kwa ukaribuchagamoto nyingine ulizotueleza tumezipokea na tutazifanyia kaziasante,positive,1
473,473,Tuanze kwa kusikilizana na kufikia mapatano ya pamoja siyo,positive,1
474,474,imar10max habari yakokaribu katika ukurasa wetu huu tukuhudumie kuhusiana na mtandao wetu wa tigo,positive,1
475,475,Katibu Mtendaji wa Baraza la Taifa la Uwezeshaji Wananchi Kiuchumi Bi Bengi Issa ametoa tathimini juu ya Mafunzo ya,positive,1
476,476,Pole sana mteja wetu kwa changamoto uliyopata wataalam wetu wanaendelea kuboresha huduma ya internet iwe yenye kasi zaidi,positive,1
477,477,Tayari kabisa Mzigo kwa ajili ya Wana bidhaa Bora kabisa tukutane kesho Sayansi Kijitonyama,positive,1
478,478,Naibu Waziri amekabidhi Boti na Kituo cha Polisi wilayani Chato ikiwa ni mpango wa Serikali kudhibiti uhalifu wa majini,positive,1
479,479,Asante kwa kutuandikiatumepokea changamoto uliyotueleza na kuifanyia kazi,positive,1
480,480,Zoezi la na ni zoezi endelevu halina Mwisho,positive,1
481,481,Mgeni mualikwa mkuu wa wilaya kisarawe kabla ya ukuu wa wilaya ametengeneza Fursa nyingi na Ajira h,positive,1
482,482,Ahsante sana tunajivunia kuwa karibu na jamii,positive,1
483,483,Tunaomba utume taarifa kamili kwenye dm link kuhusiana na makato ya kifurushi chako Namba ya simu kiasi  tarehe ulionunua kifurushi hicho,positive,1
484,484,Unapochanja chanjo ya UVIKO19 unauweka mwili tayari kupambana na kumshinda adui kirusi cha korona ila usipochanja ni sawa na,positive,1
485,485,Busara zako zitaendelea kuishi katika kujenga taifa bora lenye fikra shupavu Heri ya kumbukumbu ya siku ya mwalimu Juliu,positive,1
486,486,Umethibitisha Ukongwe wako Mheshimiwa Ngoma Kali SanaAsante Kwa Chakula Kitamu Cha Sikio,positive,1
487,487,iyo nawakilisha ni best colabo of all time kwa upande wangu Haijawahi tokea tena,positive,1
488,488,Usiache siku ipite bila kusoma Ripoti ya Haki za Binadamu 2018 Ripoti hii inapatikana kupitia tovuti yetu,positive,1
489,489,Kesho InshaAllah baada ya sala ya Eid nitakuwa nyumbani Tandale nikitoa Mkono wa Eid kwa ndugu zangu WaislamZoezi hi,positive,1
490,490,Pamoja sana endelea kutumia huduma zetuKA,positive,1
491,491,Dah Hapa najiona kabisa nimekuwa nikitamani kubadilika kumbe napaswa kuikabili nafsi yangu,positive,1
492,492,Asante na tafadhali subiri tutawasiliana nawe hivi punde kwa msaada zaidi Gift,positive,1
493,493,Sehemu ya wananchi wa mji wa Iringa waliohudhuria mkutano wa Dkt katika uwanja wa CCM Samora htt,positive,1
494,494,Kuosha mikono vizuri kwa sabuni au vitakasa na maji safi yanayotiririka takribani sekunde 2030 Ni Njia yenye ufanisi wa kupambana na Uviko 19 Tujenge zoezi la Kunawa mikono yetu mara kwa mara,positive,1
495,495,Wageni wanaoingia nchi jirani wanakuja kutalii Pwani na sisi Tanzania tuna hifadhi bora za pwani kuliko nchi za jirani Spika Job Ndugai,positive,1
496,496,Samahani kwa makosa ya kiuandishi sio Jeshi la polisi,positive,1
497,497,Hata saa mbovu huwa SAWA mara mbili kwa siku,positive,1
498,498,Asante kwa kutweet kwenye ukurasa wetu retweet mpaka tupate jibu sahihu,positive,1
499,499,Baada ya kumaliza chuo nilibahatika kupata kazi mapema na niliajiriwa kwenye nafasi ya juu kwenye kampuni fulani https,positive,1
500,500,Kua makini kwenye maishaHuenda unachokitafuta kipo kwa yule unaemdharau,positive,1
501,501,Muonekano wa Economy na Business Class 8 Unangoja niniUsisubiri kuhadithiwa utamu wa  kat,positive,1
502,502,na mtu anayemtembelea ndugu yake katika nchi ya mbali anamtembelea tu kwa ajili ya Mwenyezi Mungu yuko Peponi,positive,1
503,503,Namshukuru sana baba yangu babu  bibi mama zangu wote wadogo na wakubwa  shangazi zangu wajomba zangu na binamu zangu pia nawashukuru marafiki zangu wote kwa kunijali na kunionesha upendo wa dhati miaka yote hii,positive,1
504,504,Tembelea tovuti ya ili kujua zaidi kuhusu mafunzo ya 2jiajiri kwa wanawake wajasiriamali,positive,1
505,505,Habari tunaomba namba yako DM kwa msaada zaidiKA,positive,1
506,506,Pamoja Na Kuwa Na Followers Laki Mbili Awali Lakini Impression Ilikuwa Million Nne TuLeo Followers Elfu Tano Tu Tuna Im,positive,1
507,507,NMB HQ jamani ofisi nzuri sana Mpaka sitaki kuaga,positive,1
508,508,Umeamka salama huna budi kusema Asante MUNGU Milango ya baraka zako inafunguka Subira yako haikuwa adhabu bali ilikuwa maandalizi ya kupokea kitu kikubwa zaidi,positive,1
509,509,MKUCHIKA KILA MMOJA ANA JUKUMU LA KUPAMBANA NA RUSHWA,positive,1
510,510,Waziri wa Nishati Dkt Medard Kalemani pia atakagua kazi ya usambazaji umeme vijijini wilayani Chato,positive,1
511,511,Huko Rwanda polisi wametangaza aliyepoteza hela zake akazifate kituoni Huu ni mfano bora wa polisi kulinda usalama wa raia,positive,1
512,512,Lukelowinstone Ahsante kwa kushiriki nasi tafadhali endelea kufuatilia ukurasa wetu,positive,1
513,513,Mwalimu asante kwa kuendelea kunifundisha kuhusu maisha yangu ya kila siku nami nakili unanisaidia kuyatamb,positive,1
514,514,Leo Oktoba 07 ni kumbukumbu ya siku ya Kuzaliwa kwa Rais Mstaafu wa Jamhuri ya Muungano wa Tanzania katika awamu ya nne M,positive,1
515,515,on air kukupa mkusanyiko wa stories zote ukiwa na,positive,1
516,516,Mteja wetu Ahsante sana sana kwa uzalendo wako Tunathamini sana mcjango wenu kupitia nyinyi yote mazuri yanawezekana Ahadi yetu tutaimarika Tunafanya uwekezaji mkubwa tegemea matokeo mazuri sana Ahsante,positive,1
517,517,Kama umeamka salama mwambie Mungu asante hata bila kutoa sauti hakika yeye husikia na kuyaona yaliyo mioyoni mwetu,positive,1
518,518,Hongera sana ndugu Heche Huo ndio uongozi unaoacha alama na si makelele au kulalamika bila jitihada Tatiz,positive,1
519,519,Mkiti wa BAWACHA Halima Mdee aliyetangazwa mshindi wa kiti hicho amewaeleza wanawake kuwa umoja huo utakua imara bo,positive,1
520,520,Habari tunaomba tufafanulie suala lako tafadhali,positive,1
521,521,yaan jamaa huyu ni big thinker maana hakuna hata wimbo wowote wa hovyo kwenye list ya nyim,positive,1
522,522,Jenerali Muhammadu Buhari anaongoza kwa zaidi ya kura milioni mbili zaidi ya mpinzani wake wa karibu ambaye ni,positive,1
523,523,BASHUNGWA TUUNGE MKONO BIDHAA ZA NDANI MADE IN TANZANIA,positive,1
524,524,Viwango vyetu vya kubadilishia fedha leo tarehe 27 Septemba 2017,positive,1
525,525,Usimamizi wa wakati ni usimamizi wa maisha kwa hivyo linda wakati wako kwa uangalifu mkubwa Kila siku chukua muda kujiuliza swali Je Hii ndio matumizi bora ya wakati wangu na nguvu yangu,positive,1
526,526,Katika Mahojiano maalum na Uhuru Daktari kutoka Taasisi ya Daktari Mkononi Happyness Biyengo alisema mtoto anaponyonyeshwa kwa kipindi cha miezi sita mfululizo huepushwa na magonjwa nyemelezi,positive,1
527,527,Hii ndio official ac ya kijana wenu huko insta Karibuni sana ni wahudumie,positive,1
528,528,Lolote ambalo unapaswa kulifanya na ukakwepa kulifanya kaa ukijua kuna mwenzako atalifanya Tatizo ni kuwa anaweza asili,positive,1
529,529,Tunaomba kufahamu inakupa ujumbe gani pindi unapoweka namba yako ya siri,positive,1
530,530,Naisihi familia na watu wote kumlilia na kumwombea Erick katika yote yanayomkabili kwa sababu Mungu husikia kilio cha w,positive,1
531,531,Shukrani kwa kuwa nasi katika ukurasa wetu Tunakutakia usiku mwema na ahsante kwa kuichagua Tigo,positive,1
532,532,Nimpongeze Mkuu wa Mkoa wa Geita kutokana na Maonesho ya Teknolojia yanayoendelea nimepita hapo na nimejifunza mambo mwengi,positive,1
533,533,Pia tumetoa zawadi kwenye wodi ya akina mama katika kituo cha afya cha Makole Jijini Dodoma tulipofika kufanya usafi pamoja na kutoa misaada ya vitu mbalimbali,positive,1
534,534,Hafla fupi iliofanyika leo ambapo ilikua inatoa gawio Serikalini,positive,1
535,535,Tupo katika hatua nzuri za kuboresha mtandao siku si nyingi huduma itaimarika,positive,1
536,536,Kilimo ndicho kinachotoa sehemu kubwa ya ajira duniani Inasemekana Asilimia 40 ya watu duniani hutegemea kilimo kwa maish,positive,1
537,537,Habari Ahsante kwa kuwasiliana nasi na tunaomba radhi kwa kuchelewa kujibu meseji yako Tunaomba kufahamu sehemu ya tatizo lako kwa msaada zaidi Ahsante AT,positive,1
538,538,Usihukumu bila kusikiliza upande mwingine wa hadithi Unaweza kuhisi upo sahihi kumbe haupo sahihi ThinkFirst,positive,1
539,539,Tunaongezewa zaidi pale tunapotoa zaidi kwa wale wenye uhitaji Wafurahishe uwapendao kwa kuwanunulia vitu mbalimbali msimu huu wa sikukuu Lipa kwa Tembocard VISA na upate punguzo zaidi ukinunua toka Miniso Woolworth Stores na Orca Deco,positive,1
540,540,Ubarikiwe sana bro kwa moyo wenye hekima na busara hakika Mungu atakupa zaidi ya hapa,positive,1
541,541,Kwetu haipo hii  Tukizindua jiwe la Msingi la ujenzi wa zahanati ya kijiji cha DODOMA Isanga kata ya Masanze,positive,1
542,542,Kuna malalamiko ya wafanyabiashara wa kimataifa wanatamani Kariakoo iwe kama Kampala hata ukienda saa 6 usiku unapata hudum,positive,1
543,543,Siri kubwa ya taasisi yoyote kukua ni kufanya kazi vizuri Ukifanya vizuri watakuja wadau wengine kukufund Ili wazo lako liwe,positive,1
544,544,Funguka Unga mkono mpango Kazi wa Taifa wa Kuondoa Ukatili dhidi ya wanawake na watoto,positive,1
545,545,Habari asante kwa kutuandikia pole tupatie namba yako ya kadi kwa msaadaSalim,positive,1
546,546,Yes ni fursa nzuri kwako wewe mdau wa  Kuna nykati nyingi sana zimepita pengine hujawasiliana na rafiki ya wa kitambo na kushea naye kumbukumbu nyingi Ni fursa kwako kumtag hapa ili ajue unamkumbuka,positive,1
547,547,DREAMLINER DAR  MWANZA Air Tanzania tunapenda kuwatangazia Wateja wetu kuwa kwenye msimu wa sikukuu tumeongeza safari ze,positive,1
548,548,Mh DC kesho kwenye Burudani kitu cha Kamba kitakuwepo Mdundo wa Asili mchumbio wa aridhini muhimu sana kuwepo pi,positive,1
549,549,harith rashid Ahsante kwa kushiriki nasi kupitia ukurasa wetu endelea kutumia huduma za tigo,positive,1
550,550,Nakupongeza ndg kwa kuchaguliwa tena kuwa Mwenyekiti wa Taifa Nawapongeza wana CHADEMA kwa kum,positive,1
551,551,Hello Rommy karibu,positive,1
552,552,Wasifu wa Siti binti Saad ni kitabu ninachokipenda kuliko vyote hapo Kina fundisho kubwa,positive,1
553,553,MPYA 2019MABALOZI WALIVYO TEMBELEA MRADI WA RELI YA KISASAWAFURAHIA KUPANDA TRENI YA UHANDISI,positive,1
554,554,Wajumbe wa Baraza Kuu la CHADEMA Taifa litakaloketi leo Jumanne Desemba 17 2019 wakiendelea kuwasili na kujia,positive,1
555,555,Kundenga HA tunapenda kukufahamisha kuwa tumefanya maboresho kwenye menyu zetu za vifurushi kwa kuongeza ujazo wa dakika sms na MBs za internet Fahamu utaweza kupata vifurushi vyetu kwa bei ya chini kabisa kwanzia shilingi 500 n,positive,1
556,556,Habari Ahsante kwa uvumilivu wako pole sana kwa changamoto uliyoipata Huduma ya internet sasa imerejea Tunaendelea kuomba radhi kwa usumbufu uliopataLL,positive,1
557,557,Kwa mara ya kwanza wanawake nchini Saudi Arabia wameruhusiwa kutazama mechi za mpira wa miguu na,positive,1
558,558,Takribani wanawake 7 madereva wa magari ya mashindano nchini Saudi Arabia watapata nafasi ya kufanyiwa majaribio ya mashindano ya Formula E baada ya nchi hiyo kupata nafasi ya kuandaa msimu mpya wa mashindano hayo mwezi ujao,positive,1
559,559,huo ipasavyo na kuwaagiza kuendelea kuwasimamia wakandarasi usiku na mchana,positive,1
560,560,Tafadhali tupatie namba yako tufuatilie tatizo lako,positive,1
561,561,Bado unaweza kupata vifurushi vya thamani ya pesa yako na Saizi yako Zaidi kulinganisha na zamani Kwenye menyu yetu 14700 au 14800 tumekuwekea vifurushi vyenye dakikaMBs na SMS nyingi kuanzia 500 kwa siku wiki au mwezi,positive,1
562,562,Ushiriki wa wanawake ktk uongozi ni mdogo Kama Asasi na tumekua tukiangalia sababu ktk jamii kujua kwa nini,positive,1
563,563,Utabiri wa Hali ya Hewa wa saa 24 zijazo kuanzia saa 3 usiku wa leo 05092018 kama unavyoletwa,positive,1
564,564,Naibu Waziri Habari Mhe Anastazia Wasanii hakikisheni mnapata kibali cha kutoka Serikali za Mtaa kabla ya kufanya kazi za sanaa,positive,1
565,565,Heshimu maombi yako kuna ishara nzuri inayoonyesha shukrani yako kwa muumba wako Mungu mwema,positive,1
566,566,Asante mdau Hapo inatakiwa GW 11 kuna kasoro kidogo tutarekebisha Ila mshindi ni ndugu Alex Elimboto,positive,1
567,567,RAIS WA ZANZIBAR DK ALI MOHAMED SHEIN ATUNUKU NISHANI IKULU ZANZIBAR,positive,1
568,568,Sawa Kwa kuwa ulisha jisajili utahitajika kutengeneza neno la siripassword ili uweze kuingia kwa Apptovuti kucheza au kuangalia matokeo Neno la siri lafaa kuwa na herufi kubwa ndogo pamoja na namba muunganiko huo usipungue 8 PA,positive,1
569,569,Je Wajua Kila Mwanamke Ni Mzuri Ila Wanatofautiana Urembo,positive,1
570,570,Jilinde na uwalinde wengine walio karibu nawe kwa kufahamu ukweli Kuhusu Uviko 19 na kuchukua tahadhari inavyofaa Fuat,positive,1
571,571,Asante kwenu Salma Ngwila na Rama Ngozi kwa kuifanya Cloudsfm Radio kuwa sehemu ya maisha yenu 1044 Dodoma,positive,1
572,572,Nimefurahi kukutana na kijana mwenye kipaji wa darasa la nne aliyenichora sura nilipofanya kampeni Muleba,positive,1
573,573,Awajasema ametoa msaada Bali wameanza na mkuu wa mkoa Naamanisha hapo wameshaitaja serikali sioyeye Ni mtazamo wangu,positive,1
574,574,Meeting a bro anaishi maisha ya ndoto zanguam very very happy todaykumbe kila kitu kinawezekanaacha niendelee kupambana,positive,1
575,575,Haswaakatika jiachie hakuna expire datewarudishe nyumbani,positive,1
576,576,Jenga Bet Timu zote zitafungana Dzeko atafunga mangapi Kuna tuta litapatikana Cheza Jenga Bet kubet masoko hadi 6 kwenye 1 ushinde zaidi,positive,1
577,577,Sema hakuna gud moment kama kila dili unazoset zinalipukahiki ndo kipindi unaona kabisa maombi yako yanajibiwatusichoke kusaliMungu anajibu maombi shida huwa network tu sometimes yanachelewa,positive,1
578,578,Habari Pole kwa usumbufu ulioupata Tumerejesha kifurushi chako na tulifanikiwa kuongeza MB kulingana na kifurushi ulichokua umenunua naomba kufahamu kama una changamoto katika huduma ya intaneti kwa sasaSM,positive,1
579,579,WALLAHI MANENO YA MAMA YANGU YANANIFARIJI SANA Jinsi mama yangu alivyonisimlia Nakupenda Sana Mama yangu Halijapotea ju,positive,1
580,580,CHANGIA FAINI YA VIONGOZI WA CHADEMA  MPESA KWENDA CRDB 1 BONYEZA 15000 2 TUMA PESA 3 KWENDA BENKI 4 CHAGUA CRDB 5,positive,1
581,581,Habari Henry tunaomba utume namba ya simu na eneo ulilopo DM kwa msaada zaidiJ,positive,1
582,582,Jitihada za kufikia Mpango wa dunia wa malengo endelevu unahusisha uchumi jumuishi na Ubunifu umechukua nafasi kubwa katika,positive,1
583,583,kuandika hii historia yangu natumia program ya sauti na maneno kujiandika yenyewe naishukuru teknolojia ya simu yangu ya iPhone Kwa hali niliyonayo nahitaji msaada katika kufanya kila kitu Hakika namshukuru sana mama yangu kipenzi ambaye amekuwa nami bega kwa bega,positive,1
584,584,Nipende sana kumshukuru wameongea mengi sanasana Mm ss hv nimeamua kuwekeza nguvu zangu nyingi sana nipate followers Nilipost kuomba volunteerintership nikamtag mtu ata hili kureetweeti was so sad,positive,1
585,585,Ushauri wako ni mchango mkubwa sana kwake 2Tweet mtu napost kitu kama kapost contrnt nzur na umekagua profile ake ako poa kwann usiretweet Mm nilipost kitu nkamfata mtu inbox bas aretweet akaniomba pesa ok its finenkaacahana nae lkn nilivoingia kwa aliretwt,positive,1
586,586,Ulivyosema ndo vitu navyojifunza daily maishani kwangu namshukuru Mungu ananikutanisha na walimu sahihi,positive,1
587,587,Kikapu Taifa Rwanda washinda mechi ya kirafiki dhidi ya Kenya,positive,1
588,588,Mungu Amjalie Maisha Marefu Mshauri wetu Huyu anatusaidia Sana kwa kweli,positive,1
589,589,Bio yenye mvuto Follow me kama unataka kujifunza technologyNapenda kusoma vitabuMdau wa michezoTelecomEngenearnk Watu watavutiwa na bio yako watakufollowunafail kwa bio jichunguzekwanza Hio uleta maana kwamba tweet zako zinaweza kunihusu kwa asilimia kubwa,positive,1
590,590,Tunawatakia baraka za Eid,positive,1
591,591,Lazio Atalanta  Fainali Coppa Italia  Baada ya kuwatungua Milan 10 kwenye nusu fainali Lazio watawasimamisha Atalanta na kutwa ubingwa wa Coppa Italia  Bet uingie kwenye droo ya kushinda SMA PHONE na TIKETI za mechi,positive,1
592,592,Thamani ya mauzo ya Hisa yafikia Bil 204,positive,1
593,593,Pole kwa usumbufu ulioupata Tulikua tuna tatizo la kiufundi katika huduma ya intaneti Tumerejesha kifurushi chako na tulifanikiwa kuongeza MB kulingana na kifurushi ulichokua umenunua naomba kufahamu kama una changamoto katika huduma ya,positive,1
594,594,Kitendo cha kunawa mikono na sabuni baada ya kutoka chooni unapunguza magonjwa ya kuhara na matumbo kwa asilimia 65 M,positive,1
595,595,Ukiomba Baraka ikachelewa omba UvumilivuUkiipata shukuru na uitumie kwa Busara na HekimaLinda Majivuno Mpe Mungu Utuku,positive,1
596,596,Habari Mpenda Katika promotion hii ya sasa ya Ujanja ni Tunapenda kukujulisha kwamba tumefanya maboresho kwenye menyu yetu 14700 au 14800 ya vifurushi ambapo bado unaweza kupata vifurushi vya thamani ya pesa yako na Saizi yako Zaidi,positive,1
597,597,Watoto huleta furaha nyumbani endeleza furaha yako kwa kuwapa wanao kile wakipendacho kwani kupitia kifurushi cha Bomba 19000 mwanao atafurahia chaneli za watoto ikiwemo katuni Mickey and the Roadster Racers leo saa 10 jioni ndani ya chaneli Disney Junior 309,positive,1
598,598,Katika kufanikisha hilo Serikali ya Awamu ya Tano inawekeza takribani Shilingi Bilioni 72 za fedha za walipakodi kut,positive,1
599,599,Kikubwa nilichojifunza katika elimu ni kwamba Walimu wanakusaidia ufauli mitihani ila kuelewa na kuchambua kipi unahita,positive,1
600,600,Anza kuweka akiba leo ili uweze kutimiza ndoto zako,positive,1
601,601,Habari yako Rama Samahani kwa hilo mwisho wa kushiriki ulikuwa ni leo Jumamosi tarehe 29022020 Tumeweza kupata washindi 30 usijali endelea kuwa nasi unayo nafasi ya kushinda katika zawadi nyingine kipindi kijacho PA,positive,1
602,602,Kaimu Mganga Mkuu wa Mkoa wa Songwe Dkt Kheri Kagya akitoa zawadi kwa akina mama wa mfano walioweza kunyonyesha watoto wao maziwa pekee kwa muda wa miezi sita wakati wa maadhimisho ya wiki ya unyonyeshaji yaliyofanyika Halmashauri ya Mji wa Tunduma,positive,1
603,603,Habari tunaomba namba yako DM kwa msaada ZaidiJuma,positive,1
604,604,Kwa Mwanza hivi sasa tuko katika uboreshaji wa mfumo wa usambazaji wa huduma na bidhaa zetu ili wateja Wetu wapate huduma bora zaidi Zoezi likikamilika tutatoa mawasiliano ya mawakala Wetu Tunaomba radhi kwa usumbufu unaojitokeza,positive,1
605,605,Kilimo kinaweza kuajiri vijana wengi wasio na kazi ilisaidia kukamilishwa Mkakati wa Taifa wa Kushirikisha V,positive,1
606,606,Regan Michael TairoAsante kwa kuwasiliana nasi endelea kufuraiya huduma zetu,positive,1
607,607,Baba Mtakatifu Fransisko amemteua Askofu Mkuu wa Jimbo Kuu Katoliki Mwanza Jude RuwaIchi kuwa Askofu Mkuu Mwandamizi,positive,1
608,608,tunafurahi kusikia hivyo na endelea kufurahia huduma zetuTL,positive,1
609,609,Habari asante kwa kuchagua NMBkwa bonus akaunti unatakiwa kuwa na Kitambulisho cha kura au leseni ya udereva au pasi ya kusafiria au kitambulisho cha kazi au cha taifa barua ya utambulisho picha 2 za passport size zenye k,positive,1
610,610,Habari Minshock tafadhali tembelea tawini ujaze from uweze kuwezeshwa na huduma hiyoBL,positive,1
611,611,Tunapenda kukufahamisha kuwa ili uweze kufanya malipo na manunuzi mtandaoni utatakiwa kutembelea tawi letu lililo karibu nawe na utajaza fomu ya Purchase online Vicky,positive,1
612,612,Ningependa kufahamu ni muda gani utakao hitaji kuhifadhi pesa zako,positive,1
613,613,Kukosa chanjo kunakuweka kwenye Hatari kubwa ya kupata uviko 19 usisikilize maneno ya watu Maamuzi ni yako sasa mwenye,positive,1
614,614,Napenda kutoa shukrani zang za dhati kwa wale wadada wanao Tupenda sisi wanaume ambao hatuna heLa,positive,1
615,615,Habari Ahsante kwa kutufahamisha tatizo hili Endapo tayari una laini ya Vodacom na unahitaji huduma ya 4G iwezeshwe katika laini hiyo ni lazima kubadilisha lain SWAP lakini pia endapo unahitaji laini mpya zipo laini mpya zenye uwezo wa huduma,positive,1
616,616,Waziri wa TAMISEMI Selemani Jafo atoa maelekezo usafiri wa mwendokasi baada ya Chadema Kanda ya Pwani kuibua kero http,positive,1
617,617,Ni vyema kutoa taarifa kwa MFAMASIA au DAKTARI pindi unapoona hali ambayo si ya kawaida inakupata baada ya kuanza kutum,positive,1
618,618,Usiku wa jana klabu ya ilitoa tuzo kwa Wachezaji wao waliofanya vizuri katika msimu huu   David De Gea amefanikiwa kushinda tuzo mbili ikiwemo kubwa ya mchezaji bora wa,positive,1
619,619,Lakini nimmshukuru kwa namna ya pekee Mhe Rais Ndugu ya Nurdin Hajji kwa niaba ya Serikali ya Jamhuri ya Kenya kwamba mara nyingi tumekuwa tunashirikiana naye na msimamo wangu na wake ni mmoja  MgangaDPP,positive,1
620,620,Akizunguma katika ziara hiyo amesema Arusha ni miongoni mwa mikoa iliyofanya vizuri katika utoaji wa chanjo ukizingatia j,positive,1
621,621,Tunashukuru kwa mawazo yakoendelea kufurahia huduma zetu,positive,1
622,622,Kama kawaida nitakua nafanya ya Mechi ya Taifa Stars Vs Algeria,positive,1
623,623,Nilifanya tour fupi tu Kisarawe kuna Location nzuri sana za kufanyia Filamu na nieneo zuri kwa mambo mengine mengi nit,positive,1
624,624,Karibu ni fahari kwetu kukuhudumiank,positive,1
625,625,Tunaomba radhi kwa usumbufu uliojitokezaFJ,positive,1
626,626,Kwa wale wenye mapenzi mema na nchi hii na ustawi wa demokrasia tunaomba mchango wako hapa Kiasi chochote kinapokelewa As,positive,1
627,627,Hii kitu nzuri sana nilipata fursa ya kuhudhuria Aisee wameboresha sana hud,positive,1
628,628,Mamie wangu kipenzi umekuwa MHIMILI Mkubwa kwangu katika harakati HIZI za kupambania DEMOKRASIAusilie kesho ni NZ,positive,1
629,629,Guys mtu akiwa na hela hata ya kumpush yeye niko tayari hit my DMs tuongee biashara vitu kama,positive,1
630,630,Nashukuru sana Mr Togolani Kitabu tayari kipo sokoni kwa Bei Ya sh 20000 Kina idadi ya page 180 Na kina Idadi ya Sura 8 Kimeandikwa kwa lugha ya Kiswahili Kwa Mahitaji zaid ya kitabu Tuwasiliane kwa njia ya whats app  0624613046 ht,positive,1
631,631,KAMATI YA SIASA YA CCM MKOA WA DODOMA YAKAGUA MIRADI ILI KUFUATILIA UTEKELEZAJI ILANI                      Kamati ya Siasa ya CCM mkoa wa Dodoma imefanya ziara ya,positive,1
632,632,Mbaya zaidi siku unayotoka hovyo ndo unakutana na watu uliosoma nao,positive,1
633,633,Mtoto wa kike akipata elimu na kusoma kwa bidii atatimiza ndoto yake na kuja kuchangia maendeleo kwenye taifa lake Edwick,positive,1
634,634,Mengine akichelewa kuyaona wawe wanamwambia au wanaamua wao ndo maana ya kuwa na wasaidiziMama ni msikivu wasiogope kumwambia,positive,1
635,635,Heri ya kuzaliwa Mwanajakaya ishi maisha mengi umelitendea wema Taifa letu Let throwback kidogo na Mwanajakaya,positive,1
636,636,Mpumbavu huusoma mchezo wachezaji wanapotawanyika,positive,1
637,637,Wachimbaji wa dogo wa Dhahabu zaidi 10000 Elfu kumi kutoka mikoa ya Mara Geita Shinyanga na Simiyu katika Kijiji Gasuma Wilayani Bariadi mkoani Simiyu ambao wanaelezewa kugundua uwepo wa madini hayo wameishukuru Serilikali Soma zaidi gtgt,positive,1
638,638,Ahsante kwa taarifa tutaziwasilisha idara husikank,positive,1
639,639,HABARI WANA TOT KUELEKEA KUTIMIZA MWAKA WA UTOAJI HUDUMA MENEJIMENTI YA IMEEANDAA UTARATIBU MZURI WA KUWAPATA WA,positive,1
640,640,Nawapongeza sana Makandarasi kwa kuomba hii kazi watakula Sato mpaka watoshe na Meli wanatuachia  Rais,positive,1
641,641,Hatuna fursa ya kuwachekea chekea Majambazi wakati unataka kutuwahi lazima tukuwahi  Mhe Kangi Lugola  Waziri wa Mambo ya Ndani ya Nchi,positive,1
642,642,Habari yako  Hongera  Tiketi yako ya kucheza Jackpot bure ipo tayari kwa sasa Tunaomba uingie katika akaunti yako ya SportPesa kwa kupitia tovuti yetu na kuweka ubashiri wako wa Jackpot kwa tiketi ya bure Tunakutakia kila la,positive,1
643,643,Asante wewe uliyedhihirisha  Msimu ambao ulituvusha mwezi February kwa kusambaa kila pembe ya,positive,1
644,644,Tunaiomba serikali kuboresha sera ya elimu ili kuruhusu wenye magonjwa adimu kuendelea kupata elimu na jamii ielimish,positive,1
645,645,Unapozungukwa na watu wanaounga mkono ndoto zako utapata mafanikio haraka zaidi omba MUNGU akupe watu kama hao,positive,1
646,646,ni sababu tosha kwangu kuwa na matumaini na kamwe siwezi kukata tamaa mpaka mwisho wa maisha yangu Nimekuwa kwenye kitanda hiki kwa muda wa miaka kama kumi sasa na kamwe sijutii wala silalamiki kabisa Alhamdulillah ninapata kila kitu ninachokihitaji,positive,1
647,647,Unaweza kupata bank statement kwenye email yako kwa kutumia NMB mobile piga 15066 chagua 1  kisha chagua 3,positive,1
648,648,Unapojitoa sana kushiriki Kwenye matatizo yao nyakati wanapokuhitaji na wewe ukasaidia kwa Mara Mara Basi,positive,1
649,649,Pata taarifa zote muhimu kijanjani mwako kuhusu utalii wa ndani ukiwa na App toka Zantel bofya,positive,1
650,650,OFAOFAOFA UNATAKA KUONEKANA MREMBO Merrylight Top Hair ni wauzaji maarufu wa mawigiwiving na lace wigs,positive,1
651,651,Kufahamu chaneli hizi tembelea,positive,1
652,652,Tunawatakia Wanajukwaa na Watanzania wote maadhimisho mema ya kumbukumbu ya kifo cha Baba wa Taifa Mwalimu Julius Kam,positive,1
653,653,Jionee mwenyewe taswira mbalimbali jinsi kazi inavyoendelea kwa kasi ya ajabu ya ujenzi wa Gati jipya Bandari ya Mtwara a,positive,1
654,654,Karibu Ni fahari kwetu kukuhudumia VN,positive,1
655,655,Asante Sana kwa kutambua mchango wangu katika jamii naamini Twitter imenikutanisha na wewe baada ya kuona haraka,positive,1
656,656,Pole sana mteja wetutufahamishe tatizo unalopata tukuhudumie,positive,1
657,657,Nawashukuru Sana Watumishi wa Tume Ya Taifa Ya Uchaguzi NEC wakiongozwa na Mkurugenzi wa Uchaguzi Dkt Athumani J Kihamia k,positive,1
658,658,Nimefurahi kufika ilongero sm shuleni kwangu nasomea njee ya ofisi ya mwalimu mkuu napigwa na baridi sanamiundombinu ha,positive,1
659,659,HAPPY BI HDAY KWANGU MIMI NA KWA  MUNGU ATUSAIDIE TUISHI MIAKA KAMA YOTE H,positive,1
660,660,okay tunakutakia siku njema tigo live itlove it,positive,1
661,661,Ndio hakuna kadi zinazotolewa katika akaunti ya mtoto FJ,positive,1
662,662,Linapokuja suala la kibenki je ni jambo gani la kuzingatia Urahisi au uaminifu Uwapo na KCB huitaji kuchagua,positive,1
663,663,We jamaa hizi team yetu zinakupendelea sana ndio nini kukupa zawadi ya goli 3 na ndio wame,positive,1
664,664,Wamerahisisha sana maisha imekuwa burudani,positive,1
665,665,Niliokota hii simu jana Element mwenye simu nahisi ni huyo dada hapo kama unamfahamu mwambie simu yake ipo,positive,1
666,666,Watoto wa kike wakirudi shuleni hawatanyonywa wala kukandamizwa Ni vigumu kwa wanawake waliosoma kunyanyaswa na wanaume,positive,1
667,667,Tuna washukuru sana watu wotemapenzi yenu kwa viongozi wenu ni makubwa sanaSasa ninazo namba mbili kwa ajili ya michan,positive,1
668,668,Huku kumenoga usipitwe na burudani za kutosha kikubwa zaidi ukijisajili utapatiwa kit ya bure kabisaNjo,positive,1
669,669,Rais Dkt amemteua Katibu Mkuu Kiongozi Balozi John Kijazi pichani kuwa Mwenyekiti wa Bodi ya Ushauri ya Wa,positive,1
670,670,March 132016 katika Millen Magese alipewa tuzo ya katika sekta ya Afya  Kupitia,positive,1
671,671,Watanzania wote Sikukuu njema ya Eid Al Hajj,positive,1
672,672,Samaillah Tunapenda kukufahamisha ujazo wa MB unategemea na thamani ya kifurushi husikabado unaweza kujipatia vifurushi vyetu mbalimbali vya internet kwa kupiga 14700 kisha chagua sikuwiki au mwezi kisha namba 2 vifuru,positive,1
673,673,Kwa mkopo wa wafanyakazi ni baada ya siku moja iwapo umekamilisha taratibu zote na mkopo wa wafanyabiashara ni ndani ya wiki mbiliNasra,positive,1
674,674,WANA TWETER TUONESHE UPENDO KWA HUYU MTOTO ATIBIWE Mtoto Yusuf Said umri wa miezi 5 mzaliwa wa kitongoji cha Lamay Hanan,positive,1
675,675,Mtoto anapewa jina la Baraka unajua labda anamaanisha Amepata baraka Kutoka kwa Mungu Kumbe Ni Baraka Maviatu,positive,1
676,676,Kama Mtandao wa Malezi Tanzania tunakupongeza Ndugu Jokate kwa kuonyesha mfano wa jambo ambalo wazazi wote wa ki,positive,1
677,677,Tunafunga sana kumi na nusu jionikaribu sana,positive,1
678,678,Upendo wa wanafunzi wa shule ya sekondari Chole kijiji cha Chole kwa DC wao aka Dada Hawakutaka niondoke nimewaahidi kurudi,positive,1
679,679,Ahsante tumepokea na tunafanyiakazi pesa yako itarudushwa kwenye akaunti yako EC,positive,1
680,680,Kuna kijana wetu amekaa kwenye uchumba siku nyingi kam safari ya wana wa Israel hatujui atafika,positive,1
681,681,Baraza Kuu la limepitisha rasmi muongo wa familia ya wakulima 20192028 Familia za wakulima huzalisha 80 ya vyakula duniani hilo likithibitisha umuhimu wao katika uwepo wa chakula duniani leo na kwa vizazi vijavyo,positive,1
682,682,huwatembelea na wakulima na waendesha miradi ili kutoa ushauri na elimu kwa ujumla lengo ni kuhakikisha wananufaika Huu,positive,1
683,683,Ahsante wote mliokuwa pamona nami mwanzo wa Uzi mpaka mwisho Retweet ili wengine pia wajifunze na wapate Elimu na maarifa Usiache pia kunifollow na kueka bell ya Notification on usipitwe na Maarifa,positive,1
684,684,Ahsante kwa kuliwasilisha swali lako hapaneno M linasimama kama Mobile na neno PESA likimaanisha fedha LM,positive,1
685,685,Appreciation tweet kwa nje na ndani ya twitter ni mtu poa sana plus roho ya kizungu Uishi madam,positive,1
686,686,na wao ndio sababu ya mimi kupata matumaini na furaha Shukran zangu kwa Madaktari wote ambao wamekuwa wakinihudumia kwa tiba tangu utotoni mpaka sasa na wauguzi wote kutoka hospitali mbali mbali za hapa nchini,positive,1
687,687,Pole sanakwasasa tumeangalia account yako inaonyesha mara ya mwisho ulijiunga na kifurushi cha siku ambacho kimes,positive,1
688,688,Ndugu mteja hakuna mgao ni maboresho ya miundo mbinu tu Tunaomba radhi kwa usumbufu unaojitokeza,positive,1
689,689,Domy Docta ahsante kwa kuwa pamoja nasi na endelea kutumia huduma zetu za tigo,positive,1
690,690,Pole sana tatizo lako tumeliwasilisha idara husika pesa itarudi kwenye akaunti yako ndani ya masaa 72 ya kazi endapo tutaikuta mteja hajaitoa ahsante kwa kuchagua VodacomFB,positive,1
691,691,Nitoe shukurani zangu za dhati kwa vyombo vyote vya habari na wana habari wakelakini pia kwa wananchi na,positive,1
692,692,Ndoto zinatufanya tubaki kuwa vijanaa maono yanatufanya tuzidi kusonga mbele,positive,1
693,693,Idi Kwa Dodoma Tafadhali wasiliana na muwakilishi wetu aliyopo Nyerere Square anapatikana kwa namba 0778777370  0773114319 au aliyopo COED eneo la Ujasi anapatikana kwa namba 0772 552299 Karibu tukuhudumie,positive,1
694,694,Dear ladies Vaeni pete kwenye kidole kile cha ndoa Hii inapunguza kasi ya mafisi kuwasumbua,positive,1
695,695,Karibu sana na endelea kufurahia huduma za TANESCO,positive,1
696,696,Kigorai namba yako hiyohiyo unaweza kujiunga na kifurushi cha chuo tafadhali bonyeza 14815 kujiunga Ahsante kwa kuwa nasi tafadhali endelea kufuatilia ukurasa wetu,positive,1
697,697,Ahsante sana kwa kutumia huduma zetu Ushauri wako umepokelewa mambo mazuri yanakuja Endelea kutuunga mkono,positive,1
698,698,Mbali na mazungumzo yaliyofanyika pia wana club ya wafanyabiashara wa Bukoba walipata mafunzo mbalimbali ya kukuza biashara na kutunikiwa vyeti kutambua namna wanavyofuata taratibu za benki katika biashara zao,positive,1
699,699,Napenda nichukue Fursa kumshukuru Mungu na kukushukuru Mr Togolani kwa kuweza Kupata Nafasi ya Kupromote kitab,positive,1
700,700,Kwa vijana mitandao ya kijamii imekuwa ni chanzo cha haraka cha kupata habari,positive,1
701,701,Ahsante kwa uvumilivu wako pole sana kwa changamoto uliyoipata Huduma ya internet sasa imerejea Tunaendelea kuomba radhi kwa usumbufu uliopata SM,positive,1
702,702,Baadhi ya Wapwa Wamepata Mchongo Leo Little Ride na Smile Yes Kila mtu Anaeza Kuwa Influencer Ni Simple Dowload App ya,positive,1
703,703,Thank you Pipimoyo and shemela karibuni tena Nawapenda,positive,1
704,704,Asante kwa ushauri wako tumepokea na tunawasilisha idara husika EC,positive,1
705,705,Hatuwezi kusemea benki zingine lakini benki yetu inafanya vizuri na tumeendelea kuandika faida kwenye vitabu vyetu vya fedha Kuna jambo lingine tunaweza kukusadia,positive,1
706,706,Habari tunaomba namba yenye shida DM kwa msaada zaidi,positive,1
707,707,Utabiri wa Hali ya Hewa wa saa 24 zijazo kuanzia saa 3 usiku wa leo tarehe 09092018,positive,1
708,708,Ahsante kwa kuwasiliana na pole kwa kuchelewa kukujibukulikuwa na tatizo la kiufundi ila kwa sasa limeshapata ufumbuzisamahani tufahamishe kama tatizo bado linaendeleaLM,positive,1
709,709,Mkurugenzi Mkuu wa Uwanja huo wa Kimataifa Paul Griffiths amesema wanatarajia kupokea abiria zaidi ya milioni 90 kwa mwaka huu 2018 2018,positive,1
710,710,Msemaji Mkuu wa Idara ya Uhamiaji Ally Mtanda amesema kuwa passport hizi mpya zinamwezesha mmiliki kupakua Application kwenye simu yake ambayo itamsaidia kupata passport nyingine endapo atapoteza aliyo nayo,positive,1
711,711,Bondia Hassan Mwakinyo amepewa zawadi ya jumla ya Tsh milioni 72 baada ya kuchangiwa kiasi cha Tsh 20000 na kila Mbunge alipotembelea Bunge jijini Dodoma leo kufuatia ushindi alioupata hivi karibuni baada ya kumtwanga Bondia wa Uingereza Sam Eggington kwa TKO,positive,1
712,712,Sijawahi kutoa kauli popote ya kwamba sitagombea tena Ubunge hizo ni kauli zinaitwa wishfull thinking ndio CCM wanas,positive,1
713,713,Nasema ukweli my Tena kinagaubaga,positive,1
714,714,Vunja ukimya rushwa ya ngono inadhalilisha na inaua,positive,1
715,715,Rais ametoa Bil 15 Ujenzi wa Hosptali ya Kanda Kusini Pia hapa isemwe Rais anadaiwa Bil 6 za Wakulima wa Korosho,positive,1
716,716,Habari kim97 Tafadhali tunaomba kufahamu changamotomaoni au maswali kuusiana na mtandao wa Tigo kwasasa,positive,1
717,717,Furaha ya kua mshindi haielezeki Unaposhinda mkeka unajiskiaje tuelezee kidogo,positive,1
718,718,KAZI YA BANDARI SIO KUHIFADHI MIZIGO ASEMA MCHALAGANYA Mkurugenzi Msaidizi wa Bandari ya Dar es Salaam Ahmed Mchalaganya amesema miongoni mwa majukumu ya bandari kuhifadhi mizigo si sehemu ya majukumu,positive,1
719,719,Nasi tunakupenda pia with us,positive,1
720,720,Naibu Waziri wa Mambo ya Nje na Ushirikiano wa Afrika Mashariki Dkt Damas Ndumbaro na Katibu Mkuu Wizara ya Mambo ya Nje na Ushirikiano wa Afrika Mashariki Dkt Faraji Kasidi Mnyepe wamekutana na kufanya mazungumzo na Kaimu Balozi wa Marekani Bi Inmi Patterson,positive,1
721,721,NI MARUFUKU WANANCHI KULIPIA NGUZO WAZIRI KALEMANI,positive,1
722,722,Napenda nichukue Fursa kumshukuru Mungu na kukushukuru Brother kwa kuweza Kupata Nafasi ya Kupromote kitabu Uzinduzi Ulikuwa Mzuri wa Kitabu katika CHUO KIKUU CHA WAISLAM MOROGORO Naomba tuwasiliane kwa nam,positive,1
723,723,Vijana wanaanza kuelewa somo Biashara ndogo ndogo zimeanza,positive,1
724,724,Piga kazi au upigwe kazi Ni wewe tuuu,positive,1
725,725,Wanaomtusi Rais hukamatwana kufikishwa mahakamani sasa ni lini Magufuli kama Rais au raia alifungu,positive,1
726,726,Tufanye haya ili kuhakikisha sekta ya mawasiliano ya simu inaendelea kukua na kustawi,positive,1
727,727,Wadau wanasema WanaSiasa Wana Nafasi kubwa ya Kuhamasisha Community ParticipationUshiriki wa Jamii ktk Kuchangia,positive,1
728,728,Hahaha hili zuri zaidi prosafe,positive,1
729,729,Nashukuru sana kwa kutuelezea umuhimu wa kupima,positive,1
730,730,Uvumilivu Ukizidi Ni Unyonge,positive,1
731,731,Upendo wangu kwako ni kama safari unaanzia milele na kamwe hautokwisha,positive,1
732,732,HakiElimu yasikitishwa na bajeti ya elimu kushuka badala ya kupanda,positive,1
733,733,Usicheke watu wanapitia mazito,positive,1
734,734,Bora Kuogopwa maana wakikupenda ipo siku Watakuchukia,positive,1
735,735,Waziri Mwijage akizindua mashine ya kusaga nafaka iliyotengenezwa kijijini,positive,1
736,736,Ukiweka kinyongo ni wewe utaumia,positive,1
737,737,Asanteni Asanteni kwa kuungana na mimi sasa tuendelee kuelimika kutoka kwa wengine,positive,1
